centroid_cluster,latitude,longitude,count
0,-34.00017900976541,149.4427411265879,35
1,-14.895446308956563,127.36138014267988,383
2,-21.121622630004644,148.13744385918983,27
3,-30.82679761997025,123.48667643444811,758
4,-16.2135711217133,141.87049198089053,189
5,-29.220638034633126,151.6112688937389,1084
6,-12.770549638925019,134.62036923555704,190
7,-19.284715608213475,122.93903349646239,65
8,-28.624128635629067,128.54707683604576,423
9,-37.29396331359215,149.1334796572153,864
10,-35.79249692741187,137.07876667077076,304
11,-17.467558981569,144.78612345781198,266
12,-27.806500991152163,116.5306697240286,1
13,-26.738570476670375,152.45846116811813,78
14,-30.985019225927225,152.47106596016883,737
15,-20.683303170999498,139.4547917275439,100
16,-22.49708399389943,117.13464710639526,173
17,-25.082048898767678,147.6821814751938,171
18,-16.738632123869625,137.3659361533561,223
19,-12.90302117641871,143.46641970133393,129
20,-13.752541085104099,130.94922328274038,122
21,-32.62771591743918,119.89555549303562,663
22,-24.443041976100584,130.1857164809751,24
23,-16.933764176563226,124.17775622051052,271
24,-41.60713116589706,147.92382083776525,388
25,-32.852582620469214,151.07518294856735,813
26,-15.443054951174073,143.8922560522056,461
27,-25.119169009235556,149.26328296761403,829
28,-36.40930582639866,147.7584105240018,666
29,-35.475414994832285,150.1326105087888,1490
30,-19.149650337982354,144.09745958555226,86
31,-12.147108268352786,136.5102425880837,107
32,-37.91706223748835,141.6234021967998,208
33,-32.5451028381778,122.0009352194082,493
34,-15.9333855825736,125.47115130060916,257
35,-31.034941738052666,132.80225677926822,209
36,-23.765179079684774,150.60768836734198,37
37,-26.503235566202363,127.67550141949118,33
38,-30.79149592362775,147.7103366973748,16
39,-30.781160954498045,119.82869630764746,286
40,-21.098574246778547,136.68739171828463,122
41,-20.74609163769588,119.63168366845021,74
42,-18.302879451600223,142.8313855425778,86
43,-15.68710210739332,129.5193230429463,181
44,-28.257900029137307,125.40646556059802,165
45,-34.34510230285073,118.04098740234191,397
46,-30.21110108740224,150.17477006582178,348
47,-29.692610111852662,152.57134488473002,601
48,-32.42992525071945,123.46464316985818,774
49,-33.9539738924638,150.45888259212416,666
50,-37.5012628859139,147.99696559061223,1241
51,-12.440741717400861,131.68903357493022,220
52,-21.701868873770458,126.85079603974437,26
53,-19.206276205941062,145.9543079894905,174
54,-21.685844371568724,145.70575700386317,171
55,-11.57415696856805,142.48536068862077,285
56,-31.407682959501727,151.8633526284325,993
57,-13.928241535536905,135.68679545011682,230
58,-28.236980063792856,121.56384543104377,49
59,-26.937671649448998,129.94040193496758,31
60,-14.19368131561235,132.5435684924943,161
61,-25.381199129399146,150.7059866300121,166
62,-32.97039721867273,150.2803192827613,1014
63,-18.319156189687117,126.03005405654778,56
64,-17.626371928827403,122.31176047056805,352
65,-23.091856870573025,123.20890496866969,37
66,-23.05054780674696,149.38268101243892,26
67,-28.23499727601087,149.09544676808383,18
68,-36.89717803889083,146.74113689514076,865
69,-28.321640462318918,152.63653657221982,406
70,-16.65586074774259,127.96468421138485,159
71,-26.167679890713682,146.64636159577486,144
72,-36.41415850380791,149.94918226123147,277
73,-34.56152278976344,135.74336090129725,8
74,-16.028809823476294,143.33118201949202,109
75,-12.54589238940461,141.89566637396928,73
76,-12.113550476735993,132.86276666939014,130
77,-15.044054920765616,142.45004431107043,128
78,-17.419139379699924,143.08128308668128,210
79,-35.78835954986801,148.83929655282626,1729
80,-24.100393692984593,113.50292182876262,72
81,-29.281919639107837,144.95084286972514,51
82,-33.3918814161469,115.84531732526843,27
83,-29.08345058258083,131.34111107504492,35
84,-15.074843404512412,145.03366379206133,237
85,-29.814387779655835,118.50976015184844,236
86,-20.434093359348623,134.62752980202052,81
87,-30.48806759091459,150.98611945115596,528
88,-34.02434378976675,142.10791433188376,36
89,-24.56429516086986,128.49802097859765,94
90,-18.055772288842604,145.47698934594567,361
91,-16.755032372665376,135.78259261052293,40
92,-35.658319195406925,140.07671065408002,17
93,-18.397626760383286,143.89749436315898,405
94,-25.757314228603843,151.90955222360284,120
95,-23.0309275330779,119.54166572093943,28
96,-30.866439306316067,121.49621547676328,24
97,-23.632070705650516,132.2503276633386,120
98,-15.006926172546876,126.3168455872999,242
99,-37.34823895021524,149.82245247516283,771
100,-21.05243085454328,117.7063278330466,75
101,-15.410781511667878,132.16306632242024,104
102,-30.692825392267192,152.5927852283208,950
103,-24.64776909040187,146.69153591636763,177
104,-22.566379387143638,150.2548337542255,323
105,-18.37116977764515,123.91913089405496,124
106,-16.05613408199684,124.78725348689828,238
107,-18.6144452931547,140.29767251163932,9
108,-16.658472045179945,145.00355126834273,270
109,-14.743571097444685,128.0614296845922,184
110,-25.83365454615091,129.84173743984104,219
111,-32.01941055938601,135.7059878636166,128
112,-22.08343886596146,140.28665231594402,60
113,-31.6723700994818,151.8271454001585,989
114,-19.359576814735377,138.59941364625584,47
115,-20.26466406057513,144.15540221046092,110
116,-24.55878888502733,151.5699999560935,271
117,-35.99983720132553,149.43851646717386,884
118,-14.762279393456637,135.08739723682578,45
119,-33.38564807237638,150.64199589759932,767
120,-35.42684675146892,147.9588780488453,839
121,-29.261707130465894,152.61442569784538,476
122,-16.379552354462888,126.71713837453808,140
123,-13.643398531362948,142.96247015707132,220
124,-27.80837500978074,128.38253587326247,465
125,-12.874736563037207,136.31252208467478,437
126,-14.414660952091634,143.53192918355847,156
127,-24.47606691318799,117.89828304859404,89
128,-31.90097917334062,116.94128240510983,10
129,-16.606320828653775,137.89780867810484,244
130,-27.049328472786037,149.5941432745267,39
131,-37.60045491560323,143.2189838528262,29
132,-33.03458982093619,123.60041472280403,1160
133,-16.605669728225795,142.2918075768819,124
134,-15.36794547490466,144.60470153687436,198
135,-32.60372684154146,146.4852677498361,25
136,-24.65408254175088,124.37576293601197,17
137,-19.96398825691453,147.45752910874737,41
138,-16.676725457146365,129.8358675453717,154
139,-21.410853908639595,116.41289321094385,74
140,-21.99904753250576,149.1889664804227,109
141,-25.665118497605164,152.9792719797795,227
142,-14.107452017068283,129.82112153511855,124
143,-30.075537769333245,152.5370449114942,1295
144,-31.218856251745876,123.90163804312748,408
145,-26.65479856523846,125.92949804331954,122
146,-26.945551410828802,119.5432569156711,11
147,-34.82374787401034,150.21790254540036,749
148,-22.444734325472577,146.96481583073975,61
149,-12.75134526461035,133.5011451629066,37
150,-24.613606302064397,125.80843694301652,23
151,-37.03325908188012,148.13465177460293,790
152,-37.61671205664856,148.5769750517296,311
153,-19.738942271907444,121.5827288005349,151
154,-22.650875899845296,120.86331711442998,16
155,-15.197400386891548,125.027067686264,165
156,-31.973128362230646,121.55796986025555,852
157,-15.732622417513358,128.14402149169732,56
158,-31.655115366998608,152.707092215966,129
159,-28.263030182934525,129.3522589489868,470
160,-15.726542811325809,130.84681159517436,76
161,-22.138033335883645,129.28635301692262,13
162,-15.711054677632694,135.54140205971115,36
163,-27.554691225319424,133.0235676802726,4
164,-27.25083328020965,148.31168617386749,39
165,-21.34183721735799,123.54739932299685,22
166,-17.28398489588915,125.95185070058956,49
167,-17.62049033473537,143.88539224206863,137
168,-26.522097939663396,124.09957882561353,30
169,-29.282568814635678,152.3467492726402,700
170,-13.27973468971276,135.76703642459248,246
171,-19.43952197429792,131.63148434185626,18
172,-25.27787378755707,131.1373603641661,35
173,-28.676358127817906,148.0634235429869,40
174,-31.415868866139647,151.31884034601558,610
175,-30.746380007249385,115.86804067474719,42
176,-32.315317568253384,150.13420190023328,276
177,-30.968964029799643,151.97797195229182,1720
178,-37.66099373929543,144.8487129072869,18
179,-28.077411328828962,152.31611422644553,508
180,-31.3823209603003,152.18002919407482,1326
181,-29.11605160413366,128.11222362399286,627
182,-16.35576692663356,123.9312278545493,150
183,-37.10359411086843,147.31018113674972,650
184,-29.003761261486595,150.84012003953785,186
185,-14.434486188278823,127.08059117243523,272
186,-26.233724887125145,149.259678228749,40
187,-29.216002499335886,153.20083983934916,834
188,-13.233383695501585,130.35956490386957,192
189,-19.66917346065024,143.45452017252168,193
190,-34.56177260103906,116.64618314337206,47
191,-16.607172361497916,144.37609397427093,92
192,-29.212279141979682,124.6706004886786,75
193,-24.559912583418598,147.89792870786675,112
194,-21.53650867747879,127.29505117646843,55
195,-32.10473727431441,151.37554749976334,234
196,-18.207459575936813,141.31506914819698,52
197,-17.376749728928235,142.39231709566934,179
198,-21.820335400012528,118.65766064245086,84
199,-27.37207402989697,150.89615286297064,127
200,-21.30340996796915,140.79749388923113,164
201,-32.37689462233234,123.21011460828313,716
202,-27.46990982039457,127.4108947848757,31
203,-15.834629481446346,145.07335039715196,195
204,-16.956845556364343,141.24477299003243,51
205,-27.738235084450217,130.697804445901,39
206,-33.10417004973089,137.14782419254254,110
207,-26.105271421127394,150.50016605555098,139
208,-17.96802671737253,144.81821342345876,198
209,-15.260800498391196,143.17169113755233,134
210,-28.71038497671573,152.33092353524833,793
211,-26.921111885936973,121.021516077902,40
212,-27.23648638790586,152.12166236264937,212
213,-16.160374400746846,142.4123910595207,266
214,-23.666699906099822,146.45978713704068,42
215,-30.103290951724038,151.42181818927196,349
216,-34.18161360828151,150.08334089887117,1440
217,-32.31858765050853,121.4153291571397,539
218,-13.954368741490725,136.65042470396307,85
219,-12.428118863509923,131.04872799677466,14
220,-25.89198778200298,151.09569582847192,224
221,-18.7520523743982,127.29196243304051,47
222,-21.01400485342745,135.18928070940555,128
223,-14.049420899514427,131.71384650719799,105
224,-20.14485872731736,139.5993704698752,187
225,-32.25822451491628,119.38066048842032,304
226,-15.946721029313245,144.03304668581106,295
227,-18.517141879672508,134.58752807183097,35
228,-20.24440508750187,145.20693531284377,33
229,-24.111654382325078,118.77537872224852,30
230,-13.201249134739607,141.79911973863915,138
231,-30.04599443617533,152.88593115205651,577
232,-34.24842166005257,150.3931546088346,937
233,-18.80192508678079,125.2048021672919,21
234,-27.22040678766124,128.84012281118248,338
235,-36.96771655225696,149.48616401506777,1147
236,-33.250094117180424,151.00773515292505,709
237,-16.976018453917604,138.32447173549093,98
238,-24.732992570622912,127.35021406228292,58
239,-11.993973819790796,133.35531044896248,82
240,-32.76654610339687,150.6998068801847,1187
241,-41.022017094409634,145.4897384165381,4
242,-12.50236565845073,135.06923750250817,183
243,-36.000757091902884,149.9953320938265,461
244,-31.46677223861955,149.1613749370085,85
245,-22.324788544635137,116.34565447177414,74
246,-11.556434535799585,131.20599151515813,56
247,-16.128729969006127,137.17924338189826,204
248,-16.5892369007699,124.54007497528748,80
249,-20.015650464044825,145.79007169409533,82
250,-12.784765662107455,132.71577334136998,67
251,-23.13325253246834,115.83471917396845,64
252,-14.071715639805504,135.07531938826054,162
253,-22.028330498557985,124.0403604505079,38
254,-21.621120498668045,120.32763125348654,93
255,-37.684632290275374,148.9361136362965,432
256,-18.75847832530329,145.7864960115476,217
257,-35.90777643942597,148.2393042398312,836
258,-16.460778390558293,136.2396820262151,184
259,-37.482214696539415,147.61407925728335,1071
260,-27.10224130112649,153.36872532290454,58
261,-32.63388721149153,150.44438107207634,1015
262,-30.678909651358232,123.01096255148524,241
263,-13.532370189883537,132.71414595975557,140
264,-15.822848865866655,142.9856012215472,146
265,-32.84034433394047,124.21915242645328,765
266,-14.7773844871199,143.87932477110564,203
267,-12.201280312094097,142.42990768019587,98
268,-15.248848628027122,127.07829090239115,206
269,-25.522983468029665,128.22200786952007,94
270,-33.884589210371495,150.16715702706256,1459
271,-23.74826328759227,128.1984626481112,59
272,-34.7519949655983,138.58381078997965,45
273,-32.09815306319725,152.3368882671524,369
274,-14.863477168114638,131.36453771151872,199
275,-33.358351681075405,122.25044160699137,207
276,-15.696628981483435,142.52135538720037,270
277,-17.090308498890643,137.8184556003586,115
278,-15.54994423670555,130.14014355422523,169
279,-23.70499954338606,145.46650256314177,7
280,-36.25063957358279,144.80403501986834,17
281,-32.55018793586718,120.26076435986916,681
282,-39.88147248912184,148.07885891780123,39
283,-29.716424301606082,152.2653816709837,704
284,-14.960124382243682,133.21132788542172,41
285,-16.704304343116565,125.07424306984615,62
286,-23.180995411629358,142.47755927270043,6
287,-14.480959526368538,141.9571948186197,110
288,-19.147139443733018,142.07619571617323,66
289,-11.981393849868658,135.72112607193026,36
290,-19.872416534386712,144.39626285337465,230
291,-20.70305162886866,122.46951161049267,56
292,-14.931311115724855,134.13331591247353,33
293,-15.480224769891786,125.59701821978777,221
294,-28.58764163378806,149.83519384002014,20
295,-31.042965037720993,146.58363207307184,38
296,-12.160067796028875,134.61295589436654,100
297,-25.114601242397733,152.20768606196143,198
298,-19.595599063084606,129.14522625593165,20
299,-33.16977134923468,150.0614127225423,1039
300,-22.53179835909183,128.12112725543813,20
301,-35.39963293381054,149.58756883508374,496
302,-16.209643714447473,128.49361984894566,114
303,-23.12232994129279,118.74923114007409,66
304,-13.697144937794988,134.11899099123875,50
305,-20.502450784001084,146.64711466171258,22
306,-17.689377047154828,122.6832671775423,84
307,-28.600151413821422,142.59742712066281,3
308,-14.386194137389902,127.50549745843256,304
309,-36.540336764923396,141.4961946120107,85
310,-20.45751158181859,148.31224333554198,129
311,-23.11586425897445,124.81740812396842,31
312,-35.80962211118805,149.81327317722312,879
313,-25.043704969448317,149.8980829598997,113
314,-21.824220411440105,115.52539334625094,17
315,-31.307062937813658,121.14064197494758,140
316,-36.39306531103255,149.535725930986,906
317,-15.10994263422664,128.51850535055738,214
318,-34.44515712884354,150.88846063638843,43
319,-31.508623942604455,115.6998564113028,85
320,-35.96251657086074,147.69785027760074,786
321,-18.14660574222838,143.73327866416193,283
322,-24.278259485689244,129.3752908080848,124
323,-35.10103797227453,150.45776356723817,476
324,-13.024434309413257,143.1730443256383,484
325,-32.80444215116003,120.98158060882186,299
326,-30.929846325618275,124.08912301291687,401
327,-17.99769199963302,124.43771857291753,64
328,-37.30964306179134,148.38890479112135,610
329,-12.691757060081974,142.4735987457148,134
330,-27.822199775903602,131.71790150916277,233
331,-37.3239624598493,148.8557630341187,402
332,-17.130901075311144,144.037214283936,176
333,-21.371546602448433,120.98024993185084,71
334,-15.635407387950686,125.070170781995,289
335,-15.815807825896375,136.32749583079473,118
336,-33.586964789473186,123.7238068095045,227
337,-18.954060060419433,143.71700001487775,250
338,-15.686081441358118,126.03809178915505,117
339,-32.538925796643625,134.13795311368474,8
340,-27.980801585394733,122.98763546767165,32
341,-26.013622260007377,131.72374587421,29
342,-16.510413007358,142.73837202730863,186
343,-26.67125863018957,147.4325503946891,47
344,-36.554330670965555,148.085368365851,690
345,-33.11929917276782,150.50038688489752,1096
346,-17.603436350573364,136.63040533114665,22
347,-15.73896482313689,141.8669469095202,170
348,-25.37832550222995,130.26346917233627,113
349,-23.720688531197247,148.17797760579367,45
350,-16.93338016466433,145.35728614460774,77
351,-30.02140619968901,150.86775567405004,309
352,-15.629567099235564,144.15450113782558,545
353,-20.98369825599807,125.54853736101492,27
354,-29.484687720587235,149.06513929059548,18
355,-20.88866449538761,120.19997621084546,77
356,-33.0144095493926,150.81800757754712,806
357,-35.54579315781374,148.43890933463666,366
358,-27.779759829602014,126.51737695112091,33
359,-20.50441331652249,127.10084868041201,40
360,-25.63089900014465,146.27461017614726,42
361,-18.382918029582513,145.3170697780899,227
362,-13.397327195074288,135.45459977273615,280
363,-27.43365230917903,152.81845856225252,56
364,-30.65278328148502,152.1674228878335,1333
365,-30.7312686960855,118.69301710062201,32
366,-14.718679044072745,142.93922099444544,56
367,-15.845602282255944,134.8043384759423,38
368,-30.331681557679854,122.45994614704725,45
369,-31.678423143654793,152.16581229824692,1093
370,-17.643597105036616,127.16709412756602,24
371,-15.658054941315989,129.03247036864929,98
372,-36.349191707921264,140.0206447427751,112
373,-16.19376104213579,143.1044218259807,168
374,-20.17803072139362,123.33780752418278,50
375,-15.263017083697529,127.53215214208765,239
376,-24.530725733845912,145.37064068376807,18
377,-32.262573208486266,115.956197271885,46
378,-33.087940269430455,116.35085054387946,149
379,-23.0652817144113,150.59174266539858,173
380,-21.608383469297756,134.13274963980479,7
381,-41.162460993567535,146.94807422291217,19
382,-33.49333750686012,150.37489357255893,1271
383,-17.7491033168593,125.28612411862748,63
384,-32.6754296909759,122.21919731066866,430
385,-42.517244641016795,147.0398386286084,13
386,-31.24953299684506,152.55851668683457,570
387,-22.124650588975015,119.68563225340375,43
388,-15.705536629953423,127.27118860034695,148
389,-31.30567565921749,145.53694514715235,16
390,-28.88613250407078,128.8518164439111,315
391,-23.616801888159436,129.57162758200923,39
392,-16.16680922790049,125.18221395863775,123
393,-28.13175527201945,148.23091551753527,20
394,-14.994553615830851,125.57103348518896,139
395,-34.214881715619036,116.10472865652179,62
396,-17.767867767214952,143.31860751719756,181
397,-12.990595716079543,131.4230313173616,52
398,-28.212644163067708,124.59105139776504,59
399,-12.57640977567872,135.80447782346153,66
400,-17.87612806803698,139.15939666776285,11
401,-17.883618457804484,142.52457723141438,436
402,-29.39013165715792,152.11865025278163,1023
403,-17.29353937806833,122.826269343717,122
404,-31.241211733374445,150.69255198494724,57
405,-15.272113484567315,144.09591287533559,221
406,-10.8975251777389,142.34503616640728,46
407,-15.790995752285427,143.7999555899566,311
408,-22.993111000898534,150.02087133957147,122
409,-27.979339683674347,127.65180482862942,315
410,-20.74493577621812,147.545770138687,50
411,-32.67984382871959,150.207220207775,1226
412,-14.545999190154788,126.38508440411103,220
413,-22.63915475479284,145.55309223713522,25
414,-22.580756565051868,148.58971391304294,26
415,-18.227120583068817,123.36682088613858,141
416,-19.04451584325218,121.98056045930865,38
417,-31.74227763866684,134.39118841996117,15
418,-13.436452802822338,142.2065356088966,149
419,-31.928413652426638,122.84338554479173,126
420,-20.782207618541772,115.44532052913011,7
421,-16.433687739892235,141.58729044382676,185
422,-24.289448113357423,150.91634146906677,74
423,-14.878500523547272,126.94764908578779,282
424,-27.136507149918625,145.21202021481758,2
425,-27.61579890658836,150.19425097028395,18
426,-29.98180186155495,152.0456626468495,626
427,-33.972342896195464,142.9284440704836,11
428,-18.03915133777912,138.01728127058038,34
429,-16.555850495216937,125.84437798814888,33
430,-29.162226783983783,114.97102748268611,11
431,-16.490984509674178,137.66887672752014,323
432,-21.475159501814417,139.7956428290901,116
433,-30.951516529291695,151.14682773966567,173
434,-42.11593839937181,147.96696033486938,83
435,-25.24050326977954,129.06160889602677,55
436,-23.642903597730026,126.56361562308011,26
437,-28.44500265040242,153.26513040299372,98
438,-22.541068855530376,117.82937115904026,34
439,-20.643398847733433,136.2456138028603,27
440,-19.48950088350851,146.67630375469574,32
441,-33.19363680214227,120.01783341025072,117
442,-13.302830025423633,133.5566806393733,70
443,-19.183018080309203,139.42091710665554,118
444,-12.271653734541761,132.40759391096967,58
445,-34.80498462630747,117.26943294573886,120
446,-24.021350550389975,151.64456558447182,21
447,-31.555239933763986,123.99720827568328,250
448,-21.467928040388674,148.59775576575242,71
449,-26.442281614949206,123.21512522347996,16
450,-17.351092885450367,142.81987586550622,215
451,-29.290398168938502,152.87374165632997,573
452,-31.243629600990676,123.6658601262519,598
453,-35.73192094459731,137.33172202005966,95
454,-33.37748158047322,135.33844859143983,23
455,-18.42375945194173,144.62977131767445,244
456,-28.080241557392643,151.13431031281507,35
457,-16.67533464569947,123.74999420438891,252
458,-23.796030772224796,149.73442853434068,30
459,-11.482992380257606,130.5357326538945,40
460,-35.82135955062717,136.724643546415,575
461,-30.166472401695778,120.19426739081132,68
462,-35.13419085102058,150.044428658212,762
463,-30.801238563377233,141.92512461949116,3
464,-19.598644287432645,144.61004654834318,110
465,-24.796408708755628,147.0239561160347,144
466,-23.765553796598216,114.70500110732826,3
467,-20.760543216069262,116.86114989056851,27
468,-24.43252345191857,148.80928838916435,35
469,-31.625031555215468,119.75594974317077,51
470,-37.5687420713799,149.24512912757876,720
471,-34.695296727862086,145.9132102358802,2
472,-31.628345961337306,151.11954848751796,255
473,-18.90955542900895,124.43440520757076,129
474,-17.410827183886923,123.96371927775002,254
475,-17.353960049156147,128.75608124817822,30
476,-27.736006520181615,120.0373315710552,36
477,-12.44748138251083,136.68900514835266,400
478,-16.921019573180086,137.5691648375579,254
479,-37.32689760370571,149.45703919617623,822
480,-25.720077217109473,134.15457085826267,1
481,-12.10204555853183,133.76422636494283,62
482,-15.586785216727822,144.56616166085433,246
483,-26.574301857928,150.84302028334253,142
484,-26.415536553183134,152.3362566445387,290
485,-26.07654006376768,148.53687681025758,40
486,-20.944931237812902,119.0016787832039,74
487,-15.663687352877142,124.60099105910882,204
488,-17.52457771893631,145.16415139749807,93
489,-17.175216455151805,124.51599017668116,94
490,-16.616704521959846,139.3689186841198,8
491,-36.60833363295659,147.25065864024455,101
492,-24.47665943633506,122.59351627863961,13
493,-24.376592176783618,120.06698795584464,6
494,-21.60392255366155,147.3933823153212,38
495,-26.345667104100183,153.01077192688598,21
496,-19.849982472847547,140.14523362795356,37
497,-18.513586705959963,126.69250382692685,79
498,-15.663658949426608,143.394490187557,253
499,-32.94865846460274,151.55843741368108,32
