lat,lon
-34.00017900976541,149.4427411265879
-14.895446308956569,127.36138014267988
-21.121622630004644,148.13744385918983
-30.826797619970247,123.4866764344481
-16.2135711217133,141.87049198089053
-29.220638034633126,151.6112688937389
-12.770549638925015,134.620369235557
-19.284715608213475,122.9390334964624
-28.624128635629067,128.54707683604576
-37.29396331359216,149.1334796572153
-35.79249692741187,137.0787666707708
-17.467558981569,144.78612345781198
-27.806500991152163,116.5306697240286
-26.738570476670372,152.45846116811813
-30.995239314698207,152.4817270987608
-20.6833031709995,139.45479172754392
-22.497083993899434,117.13464710639526
-25.082048898767678,147.6821814751938
-16.73863212386962,137.3659361533561
-12.903021176418708,143.46641970133396
-13.752541085104099,130.94922328274038
-32.627715917439176,119.89555549303562
-24.443041976100584,130.1857164809751
-16.94359358490982,124.17175591422554
-41.607131165897066,147.92382083776525
-32.852342502239374,151.0758288819463
-15.443054951174071,143.8922560522056
-25.119169009235556,149.26328296761403
-36.40930582639865,147.7584105240018
-35.47541499483228,150.1326105087888
-19.149650337982358,144.09745958555226
-12.147108268352786,136.5102425880837
-37.91706223748835,141.6234021967998
-32.5451028381778,122.0009352194082
-15.9333855825736,125.47115130060916
-31.034941738052666,132.80225677926822
-23.765179079684778,150.60768836734195
-26.503235566202363,127.67550141949117
-30.79149592362775,147.71033669737477
-30.781160954498045,119.82869630764748
-21.098574246778547,136.68739171828463
-20.74609163769588,119.6316836684502
-18.302879451600223,142.8313855425778
-15.68710210739332,129.5193230429463
-28.257900029137307,125.40646556059802
-34.34510230285073,118.04098740234191
-30.21110108740224,150.17477006582178
-29.692610111852666,152.57134488473002
-32.42992525071945,123.46464316985816
-33.9539738924638,150.45888259212418
-37.5012628859139,147.99696559061226
-12.440741717400861,131.68903357493022
-21.70186887377046,126.85079603974435
-19.206276205941062,145.9543079894905
-21.68584437156872,145.70575700386317
-11.57415696856805,142.48536068862077
-31.407682959501724,151.8633526284325
-13.928241535536907,135.68679545011682
-28.236980063792856,121.56384543104377
-26.937671649449,129.94040193496755
-14.193681315612348,132.5435684924943
-25.38119912939915,150.7059866300121
-32.97039721867273,150.2803192827613
-18.31915618968712,126.03005405654778
-17.62637192882741,122.31176047056803
-23.091856870573025,123.20890496866967
-23.05054780674696,149.3826810124389
-28.234997276010873,149.09544676808383
-36.89717803889083,146.74113689514076
-28.321640462318918,152.63653657221985
-16.65586074774259,127.96468421138485
-26.167679890713686,146.64636159577486
-36.41415850380791,149.94918226123147
-34.56152278976344,135.74336090129725
-16.028809823476294,143.33118201949205
-12.545892389404608,141.89566637396928
-12.113550476735991,132.86276666939014
-15.044054920765616,142.4500443110704
-17.419139379699928,143.0812830866813
-35.78835954986802,148.83929655282626
-24.100393692984593,113.50292182876264
-29.281919639107837,144.95084286972514
-33.3918814161469,115.84531732526841
-29.083450582580834,131.34111107504492
-15.07484340451241,145.03366379206133
-29.81438777965584,118.50976015184844
-20.434093359348623,134.62752980202052
-30.488067590914586,150.98611945115596
-34.02434378976676,142.10791433188376
-24.56429516086986,128.49802097859765
-18.055772288842604,145.4769893459457
-16.755032372665376,135.78259261052293
-35.658319195406925,140.07671065408002
-18.397626760383286,143.89749436315898
-25.757314228603843,151.90955222360284
-23.0309275330779,119.54166572093945
-30.866439306316067,121.49621547676328
-23.632070705650513,132.2503276633386
-15.006926172546875,126.31684558729991
-37.34823895021523,149.82245247516283
-21.05243085454328,117.7063278330466
-15.410781511667878,132.16306632242024
-30.69390593619128,152.5904917615012
-24.647769090401873,146.6915359163676
-22.56637938714364,150.25483375422553
-18.37116977764515,123.91913089405496
-16.056134081996838,124.78725348689827
-18.6144452931547,140.2976725116393
-16.65847204517994,145.00355126834273
-14.743571097444685,128.0614296845922
-25.83365454615091,129.84173743984104
-32.01941055938601,135.7059878636166
-22.08343886596146,140.28665231594402
-31.672370099481796,151.8271454001585
-19.359576814735373,138.59941364625587
-20.264664060575125,144.15540221046092
-24.558788885027333,151.56999995609354
-35.99940062745766,149.4397359149586
-14.762279393456637,135.08739723682578
-33.377516450657915,150.65042896505548
-35.426846751468915,147.9588780488453
-29.261707130465894,152.61442569784538
-16.379552354462888,126.71713837453808
-13.643398531362944,142.96247015707132
-27.808375009780743,128.38253587326244
-12.87473656303721,136.31252208467478
-14.414660952091634,143.53192918355847
-24.476066913187992,117.89828304859405
-31.90097917334062,116.94128240510983
-16.60632082865378,137.89780867810484
-27.049328472786037,149.5941432745267
-37.60045491560323,143.2189838528262
-33.03458982093619,123.60041472280405
-16.605669728225795,142.29180757688187
-15.367945474904657,144.60470153687436
-32.60372684154146,146.4852677498361
-24.65408254175088,124.37576293601197
-19.963988256914533,147.45752910874737
-16.676725457146365,129.8358675453717
-21.410853908639595,116.41289321094385
-21.99904753250576,149.1889664804227
-25.665118497605164,152.97927197977947
-14.107452017068283,129.82112153511855
-30.075537769333245,152.5370449114942
-31.218856251745876,123.90163804312748
-26.65479856523846,125.92949804331954
-26.945551410828802,119.54325691567111
-34.82374787401034,150.21790254540036
-22.444734325472577,146.96481583073975
-12.751345264610348,133.5011451629066
-24.6136063020644,125.80843694301652
-37.033259081880125,148.13465177460293
-37.61308724235836,148.57404812055162
-19.738942271907447,121.5827288005349
-22.650875899845296,120.86331711442998
-15.197400386891552,125.027067686264
-31.97312836223065,121.55796986025555
-15.73262241751336,128.14402149169732
-31.655115366998608,152.707092215966
-28.26303018293452,129.3522589489868
-15.72654281132581,130.84681159517436
-22.13803333588364,129.28635301692265
-15.711054677632694,135.54140205971115
-27.554691225319424,133.0235676802726
-27.25083328020965,148.31168617386749
-21.341837217357995,123.54739932299685
-17.28398489588915,125.95185070058956
-17.620490334735365,143.88539224206863
-26.5220979396634,124.09957882561355
-29.282568814635678,152.3467492726402
-13.27973468971276,135.76703642459248
-19.43952197429792,131.63148434185626
-25.27787378755707,131.13736036416608
-28.67635812781791,148.0634235429869
-31.41586886613965,151.31884034601558
-30.746380007249385,115.86804067474719
-32.315317568253384,150.13420190023325
-30.969187804105314,151.9791455261343
-37.66099373929542,144.8487129072869
-28.077411328828962,152.31611422644553
-31.38200251526626,152.17843027059595
-29.11605160413366,128.1122236239929
-16.35576692663356,123.9312278545493
-37.10359411086843,147.31018113674972
-29.003761261486595,150.84012003953785
-14.434486188278822,127.08059117243522
-26.23372488712515,149.259678228749
-29.216002499335882,153.20083983934916
-13.233383695501583,130.35956490386957
-19.669173460650235,143.45452017252168
-34.56177260103907,116.64618314337204
-16.607172361497916,144.3760939742709
-29.21227914197968,124.6706004886786
-24.559912583418598,147.89792870786675
-21.536508677478793,127.29505117646843
-32.10473727431441,151.37554749976334
-18.207459575936813,141.31506914819698
-17.37674972892823,142.39231709566934
-21.82033540001253,118.65766064245086
-27.372074029896968,150.89615286297067
-21.303409967969145,140.7974938892311
-32.37689462233234,123.21011460828313
-27.46990982039457,127.4108947848757
-15.834629481446346,145.07335039715196
-16.956845556364343,141.24477299003243
-27.738235084450217,130.697804445901
-33.10417004973089,137.14782419254254
-26.105271421127394,150.50016605555098
-17.96802671737253,144.81821342345876
-15.260800498391195,143.17169113755233
-28.71038497671573,152.33092353524833
-26.921111885936977,121.02151607790199
-27.236486387905856,152.12166236264935
-16.160374400746846,142.41239105952073
-23.666699906099822,146.45978713704068
-30.103290951724038,151.42181818927196
-34.181613608281516,150.0833408988712
-32.31858765050853,121.4153291571397
-13.954368741490724,136.65042470396307
-12.428118863509923,131.04872799677466
-25.891987782002975,151.0956958284719
-18.7520523743982,127.29196243304051
-21.01400485342745,135.18928070940555
-14.049420899514427,131.71384650719799
-20.14485872731736,139.59937046987517
-32.25822451491628,119.38066048842032
-15.946721029313249,144.03304668581106
-18.517141879672508,134.587528071831
-20.244405087501875,145.20693531284374
-24.111654382325078,118.77537872224852
-13.201249134739605,141.79911973863912
-30.045994436175327,152.88593115205651
-34.24842166005257,150.39315460883464
-18.80192508678079,125.2048021672919
-27.22040678766124,128.84012281118248
-36.96771655225696,149.48616401506777
-33.25023743890818,151.00956935523075
-16.976018453917604,138.32447173549093
-24.732992570622915,127.35021406228292
-11.993973819790794,133.35531044896246
-32.76527530622773,150.69787890988934
-41.022017094409634,145.48973841653813
-12.502365658450733,135.06923750250817
-36.00391302791789,149.99584120018127
-31.466772238619555,149.1613749370085
-22.324788544635137,116.34565447177415
-11.556434535799585,131.20599151515813
-16.128729969006127,137.1792433818983
-16.597154074302026,124.51463874714105
-20.015650464044825,145.79007169409533
-12.784765662107455,132.71577334136998
-23.13325253246834,115.83471917396847
-14.071715639805502,135.07531938826054
-22.028330498557985,124.0403604505079
-21.621120498668045,120.32763125348654
-37.68614323002048,148.9332764092876
-18.758478325303294,145.7864960115476
-35.90777643942597,148.2393042398312
-16.460778390558293,136.2396820262151
-37.48221469653942,147.61407925728335
-27.10224130112649,153.36872532290454
-32.633887211491526,150.44438107207634
-30.678909651358232,123.01096255148524
-13.532370189883537,132.7141459597556
-15.822848865866659,142.98560122154723
-32.84034433394047,124.21915242645329
-14.777384487119901,143.87932477110564
-12.201280312094097,142.4299076801959
-15.248848628027124,127.07829090239115
-25.522983468029665,128.22200786952007
-33.884589210371495,150.16715702706256
-23.74826328759227,128.1984626481112
-34.7519949655983,138.58381078997965
-32.09815306319726,152.3368882671524
-14.863477168114636,131.3645377115187
-33.358351681075405,122.25044160699136
-15.696628981483437,142.52135538720037
-17.090308498890643,137.81845560035862
-15.549944236705551,130.14014355422523
-23.70499954338606,145.46650256314177
-36.25063957358279,144.80403501986834
-32.55018793586717,120.26076435986914
-39.88147248912184,148.07885891780123
-29.716424301606082,152.2653816709837
-14.960124382243684,133.21132788542172
-16.71257809256536,125.0473651870796
-23.18099541162936,142.47755927270043
-14.480959526368537,141.9571948186197
-19.147139443733018,142.07619571617323
-11.98139384986866,135.72112607193026
-19.872416534386712,144.39626285337465
-20.70305162886866,122.46951161049267
-14.931311115724855,134.13331591247353
-15.480224769891786,125.59701821978778
-28.587641633788063,149.83519384002014
-31.042965037720997,146.58363207307184
-12.160067796028873,134.61295589436656
-25.114601242397733,152.20768606196143
-19.595599063084606,129.14522625593165
-33.16977134923468,150.06141272254231
-22.53179835909183,128.12112725543813
-35.399632933810544,149.58756883508377
-16.209643714447473,128.49361984894566
-23.122329941292787,118.74923114007409
-13.69714493779499,134.11899099123875
-20.502450784001084,146.64711466171258
-17.689377047154828,122.68326717754229
-28.600151413821422,142.59742712066281
-14.386194137389902,127.50549745843256
-36.540336764923396,141.49619461201073
-20.457511581818594,148.31224333554198
-23.11586425897445,124.81740812396843
-35.80964838988641,149.8171629538428
-25.04370496944832,149.8980829598997
-21.824220411440105,115.52539334625095
-31.307062937813658,121.14064197494758
-36.39306531103255,149.535725930986
-15.10994263422664,128.51850535055738
-34.44515712884354,150.88846063638843
-31.508623942604455,115.69985641130282
-35.962516570860735,147.6978502776007
-18.146605742228388,143.73327866416193
-24.278259485689247,129.3752908080848
-35.10103797227453,150.4577635672382
-13.024434309413257,143.1730443256383
-32.80444215116003,120.98158060882187
-30.92984632561828,124.08912301291689
-17.99769199963302,124.43771857291753
-37.30964306179134,148.38890479112135
-12.691757060081972,142.4735987457148
-27.822199775903602,131.71790150916277
-37.3239624598493,148.8557630341187
-17.130901075311144,144.037214283936
-21.371546602448433,120.98024993185084
-15.635407387950686,125.07017078199499
-15.815807825896375,136.32749583079473
-33.586964789473186,123.7238068095045
-18.95406006041943,143.71700001487775
-15.686081441358118,126.03809178915505
-32.538925796643625,134.13795311368474
-27.98080158539473,122.98763546767165
-26.013622260007377,131.72374587421004
-16.510413007358,142.73837202730863
-26.67125863018957,147.4325503946891
-36.554330670965555,148.085368365851
-33.11929917276781,150.50038688489752
-17.60343635057336,136.63040533114665
-15.73896482313689,141.8669469095202
-25.37832550222995,130.26346917233627
-23.720688531197247,148.17797760579367
-16.933380164664328,145.35728614460774
-30.021406199689014,150.86775567405004
-15.629567099235564,144.15450113782558
-20.983698255998075,125.54853736101492
-29.48468772058723,149.06513929059548
-20.88866449538761,120.19997621084546
-33.01089658873615,150.8187783329406
-35.54579315781374,148.43890933463666
-27.779759829602014,126.5173769511209
-20.50441331652249,127.100848680412
-25.630899000144655,146.27461017614726
-18.382918029582513,145.3170697780899
-13.39732719507429,135.45459977273615
-27.43365230917903,152.81845856225252
-30.655896936236502,152.16972446122958
-30.7312686960855,118.69301710062201
-14.718679044072745,142.93922099444544
-15.845602282255946,134.80433847594227
-30.331681557679858,122.45994614704725
-31.678423143654793,152.16581229824692
-17.64359710503662,127.16709412756603
-15.658054941315987,129.03247036864929
-36.349191707921264,140.0206447427751
-16.19376104213579,143.1044218259807
-20.17803072139362,123.33780752418278
-15.263017083697527,127.53215214208764
-24.530725733845912,145.37064068376807
-32.262573208486266,115.956197271885
-33.087940269430455,116.35085054387946
-23.0652817144113,150.5917426653986
-21.608383469297756,134.13274963980479
-41.162460993567535,146.94807422291217
-33.49283635654062,150.3814325213102
-17.749103316859298,125.28612411862747
-32.6754296909759,122.21919731066866
-42.51724464101679,147.0398386286084
-31.255472394912342,152.55574140094666
-22.124650588975015,119.68563225340375
-15.705536629953425,127.27118860034696
-31.305675659217492,145.53694514715235
-28.886132504070776,128.8518164439111
-23.61680188815944,129.57162758200923
-16.16680922790049,125.18221395863773
-28.131755272019447,148.23091551753527
-14.99455361583085,125.57103348518896
-34.214881715619036,116.1047286565218
-17.767867767214952,143.31860751719756
-12.990595716079543,131.4230313173616
-28.212644163067704,124.59105139776506
-12.57640977567872,135.80447782346153
-17.876128068036984,139.15939666776285
-17.883618457804484,142.52457723141438
-29.39013165715792,152.11865025278163
-17.29353937806833,122.826269343717
-31.24121173337445,150.69255198494724
-15.272113484567317,144.09591287533559
-10.897525177738903,142.34503616640728
-15.790995752285427,143.7999555899566
-22.993111000898537,150.0208713395715
-27.979339683674347,127.65180482862942
-20.744935776218117,147.54577013868698
-32.67984382871959,150.207220207775
-14.545999190154793,126.38508440411103
-22.639154754792845,145.55309223713522
-22.58075656505187,148.58971391304294
-18.227120583068817,123.36682088613858
-19.04451584325218,121.98056045930865
-31.742277638666838,134.39118841996117
-13.436452802822338,142.2065356088966
-31.928413652426634,122.84338554479174
-20.782207618541772,115.44532052913013
-16.433687739892235,141.58729044382673
-24.289448113357427,150.91634146906677
-14.878500523547268,126.94764908578779
-27.136507149918625,145.21202021481758
-27.61579890658836,150.19425097028395
-29.98180186155495,152.0456626468495
-33.97234289619547,142.9284440704836
-18.03915133777912,138.01728127058038
-16.55923231536075,125.81740674031936
-29.162226783983783,114.97102748268611
-16.490984509674174,137.66887672752014
-21.475159501814417,139.7956428290901
-30.951516529291695,151.14682773966567
-42.115938399371814,147.96696033486938
-25.24050326977954,129.06160889602677
-23.642903597730026,126.56361562308011
-28.44500265040242,153.26513040299372
-22.541068855530376,117.82937115904026
-20.643398847733433,136.2456138028603
-19.48950088350851,146.67630375469574
-33.19363680214227,120.01783341025072
-13.302830025423631,133.5566806393733
-19.183018080309203,139.42091710665557
-12.271653734541763,132.40759391096967
-34.80498462630747,117.26943294573886
-24.021350550389975,151.64456558447182
-31.555239933763986,123.99720827568329
-21.467928040388674,148.59775576575242
-26.442281614949202,123.21512522347996
-17.35109288545037,142.81987586550622
-29.290398168938502,152.87374165632997
-31.243629600990676,123.66586012625191
-35.73192094459731,137.3317220200597
-33.37748158047322,135.33844859143983
-18.42375945194173,144.62977131767445
-28.08024155739264,151.13431031281507
-16.675334645699465,123.74999420438891
-23.7960307722248,149.73442853434068
-11.482992380257606,130.5357326538945
-35.821359550627164,136.724643546415
-30.166472401695774,120.19426739081132
-35.13419085102058,150.044428658212
-30.801238563377236,141.92512461949116
-19.598644287432645,144.61004654834318
-24.796408708755624,147.0239561160347
-23.76555379659822,114.70500110732827
-20.76054321606926,116.86114989056853
-24.432523451918566,148.80928838916435
-31.625031555215468,119.75594974317077
-37.568742071379894,149.24512912757876
-34.695296727862086,145.9132102358802
-31.628345961337306,151.11954848751796
-18.90955542900895,124.43440520757076
-17.410827183886923,123.96371927775002
-17.35396004915615,128.75608124817822
-27.73600652018162,120.0373315710552
-12.44748138251083,136.68900514835266
-16.921019573180082,137.5691648375579
-37.3268976037057,149.45703919617625
-25.720077217109477,134.15457085826267
-12.102045558531827,133.76422636494283
-15.58678521672782,144.56616166085433
-26.574301857928003,150.84302028334253
-26.415536553183134,152.3362566445387
-26.07654006376768,148.53687681025755
-20.944931237812902,119.0016787832039
-15.663687352877139,124.60099105910882
-17.524577718936314,145.16415139749807
-17.175216455151805,124.51599017668116
-16.616704521959846,139.3689186841198
-36.60833363295659,147.25065864024452
-24.47665943633506,122.59351627863961
-24.376592176783614,120.06698795584465
-21.60392255366155,147.3933823153212
-26.345667104100183,153.01077192688598
-19.849982472847547,140.14523362795356
-18.513586705959963,126.69250382692685
-15.66365894942661,143.394490187557
-32.94865846460274,151.55843741368108
