latitude,longitude,brightness,scan,track,acq_date,acq_time,satellite,confidence,version,bright_t31,frp,daynight
-18.36192,26.47795,308.03,1.07,1.03,2025-03-13,0028,A,73,6.1NRT,291.89,8.04,N
-18.36349,26.48786,301.76,1.07,1.03,2025-03-13,0028,A,44,6.1NRT,291.37,4.19,N
-18.36789,26.45662,305.28,1.07,1.03,2025-03-13,0028,A,64,6.1NRT,291.75,6.07,N
-18.43521,26.47925,301.45,1.07,1.03,2025-03-13,0028,A,41,6.1NRT,291.36,4.07,N
-24.81195,30.1218,302.02,1.29,1.13,2025-03-13,0033,A,46,6.1NRT,290.01,8,N
-32.17998,19.01787,306.84,1.66,1.27,2025-03-13,0035,A,56,6.1NRT,293.34,13.05,N
-32.28376,19.12651,303.99,1.63,1.26,2025-03-13,0035,A,14,6.1NRT,291.73,9.43,N
-32.28687,19.14243,305.21,1.62,1.25,2025-03-13,0035,A,41,6.1NRT,292.28,11.17,N
-6.85195,12.39489,325.95,2.22,1.44,2025-03-13,0204,A,100,6.1NRT,286.74,71.64,N
-6.8547,12.41442,309.17,2.23,1.45,2025-03-13,0204,A,65,6.1NRT,287.26,23.28,N
-6.85126,12.38771,312.29,2.22,1.44,2025-03-13,0204,A,78,6.1NRT,286.64,30.33,N
-6.85386,12.40727,318.4,2.23,1.45,2025-03-13,0204,A,96,6.1NRT,286.74,47.19,N
-25.8104,29.49399,309.28,1.73,1.29,2025-03-13,0654,T,0,6.1NRT,289.47,11.56,D
-4.7731,39.102,318.57,1.01,1,2025-03-13,0646,T,73,6.1NRT,301.07,7.11,D
-4.77439,39.11089,318,1.01,1,2025-03-13,0646,T,72,6.1NRT,299.68,6.52,D
-32.17641,19.01746,314.99,3.45,1.75,2025-03-13,0835,T,52,6.1NRT,298.77,47.04,D
-32.17876,19.05502,313.28,3.47,1.75,2025-03-13,0835,T,33,6.1NRT,299.76,38.28,D
-32.91724,18.89283,326.73,3.43,1.74,2025-03-13,0835,T,79,6.1NRT,305.12,78.95,D
-32.92798,18.88553,326.11,3.43,1.74,2025-03-13,0835,T,79,6.1NRT,305.4,77.25,D
-32.93007,18.92161,322.49,3.45,1.75,2025-03-13,0835,T,75,6.1NRT,305.35,54.57,D
-32.9682,18.77421,321.68,3.37,1.73,2025-03-13,0835,T,74,6.1NRT,305.47,56.37,D
-4.78346,24.40268,312.89,3.95,1.85,2025-03-13,0824,T,58,6.1NRT,294.11,40.48,D
-4.79067,24.39497,313.3,3.95,1.85,2025-03-13,0824,T,66,6.1NRT,294.19,44.68,D
-4.55578,17.80913,315.48,1.22,1.1,2025-03-13,0826,T,62,6.1NRT,295.26,8.53,D
-4.92681,11.38107,310.33,1.39,1.17,2025-03-13,0826,T,34,6.1NRT,279.33,15.13,D
-6.85796,12.39322,333.04,1.14,1.06,2025-03-13,0826,T,85,6.1NRT,290.48,36,D
-13.92097,22.8931,305.67,4.08,1.87,2025-03-13,0828,T,31,6.1NRT,284.84,22.31,D
-16.55039,48.76877,315.65,2.31,1.47,2025-03-13,1102,A,65,6.1NRT,287.21,28.96,D
-16.55271,48.74823,314.12,2.32,1.47,2025-03-13,1102,A,62,6.1NRT,288.74,27.2,D
-16.55175,48.76209,321.23,2.31,1.47,2025-03-13,1102,A,77,6.1NRT,287.83,43.5,D
-14.23215,49.57539,309.63,1.85,1.33,2025-03-13,1102,A,0,6.1NRT,286.87,18.47,D
-28.69551,32.13142,319.02,1.06,1.03,2025-03-13,1236,A,60,6.1NRT,296.48,12.44,D
-27.42559,31.52779,337.04,1.09,1.04,2025-03-13,1236,A,89,6.1NRT,301.09,37.19,D
-27.427,31.51717,321.48,1.09,1.04,2025-03-13,1236,A,78,6.1NRT,300.3,15.36,D
-26.9607,28.51469,320.33,1.56,1.23,2025-03-13,1236,A,65,6.1NRT,298.47,23.19,D
-22.20085,29.56161,319.67,1.17,1.08,2025-03-13,1238,A,65,6.1NRT,303.12,10.14,D
-18.37849,26.47795,318.87,1.63,1.26,2025-03-13,1238,A,16,6.1NRT,298.54,17.55,D
-17.40144,30.18596,310.49,1.02,1.01,2025-03-13,1238,A,18,6.1NRT,295.99,5.19,D
-15.87024,28.87744,317.23,1.09,1.04,2025-03-13,1240,A,72,6.1NRT,297.73,10.07,D
-8.891,26.21073,312.65,1.25,1.11,2025-03-13,1242,A,65,6.1NRT,296.81,7.04,D
-8.3005,26.76078,313.17,1.15,1.07,2025-03-13,1242,A,63,6.1NRT,298.42,6.29,D
-8.30195,26.75061,315.54,1.15,1.07,2025-03-13,1242,A,68,6.1NRT,298.52,7.98,D
-7.69887,29.52398,305.31,1.01,1,2025-03-13,1242,A,16,6.1NRT,290.17,2.65,D
-7.70018,29.51503,311.97,1.01,1,2025-03-13,1242,A,57,6.1NRT,289.41,7.12,D
-8.00457,27.08178,312.71,1.1,1.05,2025-03-13,1242,A,48,6.1NRT,297.55,6.21,D
-7.96398,26.91992,312.58,1.12,1.06,2025-03-13,1242,A,55,6.1NRT,297.19,6.13,D
-8.27185,23.76029,308.2,1.83,1.33,2025-03-13,1242,A,52,6.1NRT,292.46,9.14,D
-7.98617,24.16608,312.64,1.69,1.28,2025-03-13,1242,A,64,6.1NRT,294.06,13.12,D
-7.59572,24.92481,314.4,1.46,1.2,2025-03-13,1242,A,61,6.1NRT,297.72,10.43,D
-7.64135,24.50876,320.52,1.57,1.24,2025-03-13,1242,A,76,6.1NRT,295.42,24.79,D
-7.51572,24.7621,317.68,1.5,1.21,2025-03-13,1242,A,38,6.1NRT,300.12,17.43,D
-7.498,24.81317,318.54,1.49,1.2,2025-03-13,1242,A,61,6.1NRT,300.62,18.49,D
-7.36104,24.93953,324.13,1.45,1.19,2025-03-13,1242,A,79,6.1NRT,299.74,26.91,D
-7.09673,26.01468,311.95,1.22,1.1,2025-03-13,1242,A,55,6.1NRT,293.67,8.63,D
-6.83264,27.09835,313.41,1.08,1.04,2025-03-13,1242,A,60,6.1NRT,298.18,5.93,D
-6.83399,27.08889,313.87,1.08,1.04,2025-03-13,1242,A,54,6.1NRT,297.65,6.2,D
-6.91036,25.67257,313.34,1.28,1.12,2025-03-13,1242,A,45,6.1NRT,295.99,9.13,D
-6.57506,27.73681,313.86,1.03,1.01,2025-03-13,1242,A,62,6.1NRT,299.64,6.36,D
-6.91418,25.35144,326.36,1.34,1.15,2025-03-13,1242,A,80,6.1NRT,298.03,27.56,D
-6.91582,25.33971,328.63,1.34,1.15,2025-03-13,1242,A,82,6.1NRT,297.68,31.79,D
-6.85675,23.19977,310.47,1.93,1.36,2025-03-13,1242,A,50,6.1NRT,293.44,9.71,D
-6.54013,25.39246,318.74,1.31,1.14,2025-03-13,1242,A,70,6.1NRT,298.4,14.7,D
-6.54176,25.38092,326.81,1.32,1.14,2025-03-13,1242,A,80,6.1NRT,298.84,27.06,D
-6.94712,22.25325,309.28,2.3,1.47,2025-03-13,1242,A,46,6.1NRT,291.91,13.08,D
-6.84591,22.82366,310.32,2.07,1.4,2025-03-13,1242,A,51,6.1NRT,292.96,12.47,D
-6.84834,22.8053,311.69,2.07,1.4,2025-03-13,1242,A,56,6.1NRT,295.62,15.17,D
-6.51254,25.22179,317.48,1.35,1.15,2025-03-13,1242,A,68,6.1NRT,300.41,12.44,D
-6.51204,25.22719,316.22,1.35,1.15,2025-03-13,1242,A,65,6.1NRT,299.76,10.52,D
-6.84238,22.81614,314.16,2.07,1.4,2025-03-13,1242,A,64,6.1NRT,294.88,20.74,D
-6.42992,25.29936,326.07,1.33,1.14,2025-03-13,1242,A,79,6.1NRT,299.32,25.97,D
-6.41347,25.34443,317.18,1.32,1.14,2025-03-13,1242,A,67,6.1NRT,298.03,12.46,D
-6.42992,25.16126,314.35,1.36,1.15,2025-03-13,1242,A,61,6.1NRT,296.37,10.3,D
-6.3537,25.114,314.92,1.36,1.16,2025-03-13,1242,A,62,6.1NRT,297.34,10.23,D
-6.64855,22.93066,313.25,2.01,1.38,2025-03-13,1242,A,61,6.1NRT,291.49,15.79,D
-6.32869,24.62139,316.19,1.47,1.2,2025-03-13,1242,A,65,6.1NRT,299.33,13.49,D
-6.52184,23.09884,319.3,1.94,1.36,2025-03-13,1242,A,72,6.1NRT,295.62,22.1,D
-6.21069,25.26207,318.07,1.33,1.14,2025-03-13,1242,A,68,6.1NRT,299.74,12.28,D
-6.21721,25.07037,314.54,1.37,1.16,2025-03-13,1242,A,55,6.1NRT,298.52,8.58,D
-6.08387,25.21419,362.54,1.33,1.14,2025-03-13,1242,A,94,6.1NRT,300.77,121.68,D
-6.08554,25.20223,338.74,1.33,1.14,2025-03-13,1242,A,36,6.1NRT,305.42,42.37,D
-6.08935,24.1684,315.36,1.58,1.24,2025-03-13,1242,A,63,6.1NRT,296.89,14.75,D
-6.21736,22.99854,311.52,1.95,1.36,2025-03-13,1242,A,54,6.1NRT,295.24,10.64,D
-6.0919,22.75607,314.78,2.03,1.39,2025-03-13,1242,A,64,6.1NRT,295.85,17.78,D
-5.44901,26.90205,314.68,1.07,1.03,2025-03-13,1242,A,51,6.1NRT,297.32,7.26,D
-5.70865,24.53161,319.61,1.46,1.2,2025-03-13,1242,A,53,6.1NRT,300.86,15.72,D
-5.64845,24.89094,319.84,1.38,1.16,2025-03-13,1242,A,71,6.1NRT,301.43,12.81,D
-5.57969,24.36868,318.37,1.5,1.21,2025-03-13,1242,A,70,6.1NRT,297.94,16.77,D
-5.56429,24.24504,310.72,1.53,1.22,2025-03-13,1242,A,36,6.1NRT,294.73,8.73,D
-5.24,25.03225,321.08,1.33,1.14,2025-03-13,1242,A,74,6.1NRT,299.93,13.57,D
-5.08572,24.52938,328.71,1.43,1.18,2025-03-13,1242,A,82,6.1NRT,293.12,33.01,D
-4.94766,24.35509,318.16,1.47,1.2,2025-03-13,1242,A,60,6.1NRT,300.75,12.17,D
-4.89462,24.57917,328.6,1.41,1.18,2025-03-13,1242,A,54,6.1NRT,303.19,21.25,D
-4.87401,24.5758,322.99,1.41,1.18,2025-03-13,1242,A,38,6.1NRT,301.8,13.51,D
-4.76893,24.31757,316.27,1.47,1.2,2025-03-13,1242,A,58,6.1NRT,297.14,10.38,D
-4.77078,24.30461,315.97,1.47,1.2,2025-03-13,1242,A,46,6.1NRT,298.4,10.01,D
-4.53672,25.73444,320.86,1.18,1.08,2025-03-13,1242,A,74,6.1NRT,295.71,15.33,D
-4.24721,27.42905,310.28,1.02,1.01,2025-03-13,1242,A,46,6.1NRT,278.64,6.95,D
-4.03167,25.10582,316.01,1.27,1.12,2025-03-13,1244,A,65,6.1NRT,297.99,8.93,D
-32.30557,19.08842,340.88,2.71,1.58,2025-03-13,1414,A,89,6.1NRT,304.5,147.52,D
-32.31194,19.06002,334.62,2.7,1.57,2025-03-13,1414,A,83,6.1NRT,308.11,102.97,D
-32.31425,19.0832,328.47,2.71,1.58,2025-03-13,1414,A,76,6.1NRT,303.64,69.74,D
-32.30023,19.08055,335.83,2.71,1.58,2025-03-13,1414,A,84,6.1NRT,307.13,109.06,D
-32.19452,19.00796,321.9,2.7,1.57,2025-03-13,1414,A,63,6.1NRT,304.65,35.83,D
-32.18086,19.00379,325.54,2.7,1.57,2025-03-13,1414,A,71,6.1NRT,304.6,51.92,D
-33.38415,19.16006,302.74,1.01,1,2025-03-13,2034,T,51,6.1NRT,290.44,5.78,N
-32.31215,19.11406,316.42,1.01,1.01,2025-03-13,2034,T,93,6.1NRT,291.79,13.25,N
-32.31365,19.10384,308.74,1.01,1.01,2025-03-13,2034,T,34,6.1NRT,292.95,6.88,N
-32.30325,19.11228,328.55,1.01,1.01,2025-03-13,2036,T,100,6.1NRT,293.26,26.07,N
-32.30474,19.10206,353.16,1.01,1.01,2025-03-13,2036,T,100,6.1NRT,296.42,68.37,N
-32.29435,19.11039,317.44,1.01,1.01,2025-03-13,2036,T,95,6.1NRT,291.69,14.21,N
-32.29587,19.09999,308.9,1.01,1.01,2025-03-13,2036,T,42,6.1NRT,291.87,7.02,N
-32.27517,19.05337,322.16,1.01,1,2025-03-13,2036,T,100,6.1NRT,299.11,17.32,N
-32.27671,19.04272,317.39,1.01,1,2025-03-13,2036,T,95,6.1NRT,298.43,12.44,N
-32.26626,19.05153,328.27,1.01,1,2025-03-13,2036,T,100,6.1NRT,299.04,24.23,N
-32.2678,19.04099,328.08,1.01,1,2025-03-13,2036,T,100,6.1NRT,298.62,23.49,N
-32.23406,19.0169,310.57,1.01,1,2025-03-13,2036,T,80,6.1NRT,299.56,6.35,N
-32.21476,19.02349,313.24,1.01,1,2025-03-13,2036,T,86,6.1NRT,296.24,9.4,N
-32.18962,19.00721,311.43,1.01,1,2025-03-13,2036,T,66,6.1NRT,295.79,7.96,N
-32.19112,18.99691,372.1,1.01,1,2025-03-13,2036,T,100,6.1NRT,305.44,121.73,N
-32.19262,18.98658,419.84,1.01,1,2025-03-13,2036,T,100,6.1NRT,315.38,394.52,N
-32.19413,18.97619,381.98,1.01,1,2025-03-13,2036,T,100,6.1NRT,305.56,158.48,N
-32.19562,18.96587,314.5,1.01,1,2025-03-13,2036,T,83,6.1NRT,299.6,7.69,N
-32.19714,18.95539,309.48,1.01,1,2025-03-13,2036,T,24,6.1NRT,298.55,4.28,N
-32.17306,19.05805,308.27,1.01,1.01,2025-03-13,2036,T,74,6.1NRT,295.18,6.96,N
-32.18224,18.99502,361.82,1.01,1,2025-03-13,2036,T,100,6.1NRT,301.76,88.93,N
-32.18373,18.98469,448.21,1.01,1,2025-03-13,2036,T,100,6.1NRT,320.02,691.59,N
-32.18524,18.97428,447.91,1.01,1,2025-03-13,2036,T,100,6.1NRT,316.02,687.09,N
-32.18824,18.95354,311.73,1.01,1,2025-03-13,2036,T,23,6.1NRT,299.22,5.72,N
-32.17182,19.00365,333.39,1.01,1,2025-03-13,2036,T,100,6.1NRT,298.8,31.44,N
-32.17331,18.99332,374.86,1.01,1,2025-03-13,2036,T,100,6.1NRT,306.75,131.47,N
-32.17482,18.98296,336.84,1.01,1,2025-03-13,2036,T,100,6.1NRT,302.42,33.94,N
-32.17633,18.97251,313.82,1.01,1,2025-03-13,2036,T,50,6.1NRT,299.89,7.07,N
-32.16174,19.0065,361.43,1.01,1,2025-03-13,2036,T,100,6.1NRT,300.92,88.77,N
-32.16325,18.99611,365.18,1.01,1,2025-03-13,2036,T,100,6.1NRT,305.49,99.37,N
-32.16477,18.98566,397.38,1.01,1,2025-03-13,2036,T,100,6.1NRT,310.15,237.47,N
-32.16629,18.97516,347.05,1.01,1,2025-03-13,2036,T,100,6.1NRT,301.87,52.62,N
-32.15284,19.00465,312.66,1.01,1,2025-03-13,2036,T,85,6.1NRT,295.93,8.85,N
-32.15437,18.99413,368.47,1.01,1,2025-03-13,2036,T,100,6.1NRT,299.63,109.87,N
-32.15588,18.98365,386.41,1.01,1,2025-03-13,2036,T,100,6.1NRT,305.96,180.35,N
-32.15739,18.97323,427.27,1.01,1,2025-03-13,2036,T,100,6.1NRT,318.63,461.35,N
-32.1589,18.96287,379.4,1.01,1,2025-03-13,2036,T,100,6.1NRT,306.52,148.38,N
-32.14698,18.98189,325.42,1.01,1,2025-03-13,2036,T,100,6.1NRT,297.63,20.54,N
-32.1485,18.97142,375,1.01,1,2025-03-13,2036,T,100,6.1NRT,301.02,131.73,N
-32.15001,18.96101,347.41,1.01,1,2025-03-13,2036,T,100,6.1NRT,299.82,53.38,N
-32.13877,18.92565,308.94,1.34,1.15,2025-03-14,0111,A,76,6.1NRT,296.91,9.59,N
-32.14033,18.93885,354.4,1.34,1.15,2025-03-14,0111,A,100,6.1NRT,300.42,106.98,N
-32.1419,18.95209,378.54,1.34,1.15,2025-03-14,0111,A,100,6.1NRT,302.79,222.27,N
-32.14346,18.96535,342.02,1.34,1.15,2025-03-14,0111,A,100,6.1NRT,298.32,68.33,N
-32.14506,18.97892,348.55,1.35,1.15,2025-03-14,0111,A,100,6.1NRT,297.11,87.44,N
-32.14669,18.99273,331.99,1.35,1.15,2025-03-14,0111,A,100,6.1NRT,295.4,45.55,N
-32.15057,18.93741,314.01,1.34,1.15,2025-03-14,0111,A,88,6.1NRT,297.15,14.65,N
-32.15216,18.95085,319.12,1.34,1.15,2025-03-14,0111,A,98,6.1NRT,297.21,20.59,N
-32.15372,18.96402,313.83,1.34,1.15,2025-03-14,0111,A,88,6.1NRT,296.77,13.97,N
-32.15527,18.97709,311.4,1.35,1.15,2025-03-14,0111,A,57,6.1NRT,295.62,12.4,N
-32.15854,19.00467,306.84,1.35,1.15,2025-03-14,0111,A,39,6.1NRT,293.69,9.51,N
-32.16239,18.94932,355.17,1.34,1.15,2025-03-14,0111,A,100,6.1NRT,300.05,108.68,N
-32.16397,18.96263,371.41,1.34,1.15,2025-03-14,0111,A,100,6.1NRT,303.36,181.19,N
-32.16563,18.97646,355.82,1.35,1.15,2025-03-14,0111,A,100,6.1NRT,301.83,111.98,N
-32.16733,18.99066,335.07,1.35,1.15,2025-03-14,0111,A,100,6.1NRT,298.98,50.22,N
-32.16887,19.00368,314.52,1.35,1.15,2025-03-14,0111,A,26,6.1NRT,295.05,16.79,N
-32.15894,18.94353,319.1,1.34,1.15,2025-03-14,0111,A,98,6.1NRT,297.28,21.34,N
-32.16046,18.95685,353.16,1.34,1.15,2025-03-14,0111,A,100,6.1NRT,301.27,101.81,N
-32.16196,18.97001,340.26,1.35,1.15,2025-03-14,0111,A,100,6.1NRT,300.14,62.73,N
-32.16356,18.984,325.92,1.35,1.15,2025-03-14,0111,A,100,6.1NRT,298.19,30.31,N
-32.17076,18.95596,342.95,1.34,1.15,2025-03-14,0111,A,100,6.1NRT,299.39,70.47,N
-32.17234,18.96974,359.8,1.35,1.15,2025-03-14,0111,A,100,6.1NRT,303.16,127.51,N
-32.17393,18.98363,348.36,1.35,1.15,2025-03-14,0111,A,100,6.1NRT,301.67,85.69,N
-32.17538,18.99626,321.82,1.35,1.15,2025-03-14,0111,A,99,6.1NRT,296.69,27.64,N
-32.18261,18.96844,360.19,1.35,1.15,2025-03-14,0111,A,100,6.1NRT,300.78,128.4,N
-32.18415,18.98179,341.42,1.35,1.15,2025-03-14,0111,A,100,6.1NRT,299.05,65.77,N
-32.18566,18.9949,309.88,1.35,1.15,2025-03-14,0111,A,49,6.1NRT,295.89,11.08,N
-32.19448,18.98088,359.87,1.35,1.15,2025-03-14,0111,A,100,6.1NRT,300.94,127.44,N
-32.19596,18.99378,351.95,1.35,1.15,2025-03-14,0111,A,100,6.1NRT,300.6,98.98,N
-32.21677,18.99301,387.65,1.35,1.15,2025-03-14,0111,A,100,6.1NRT,303.9,286.99,N
-32.21835,19.00657,348.8,1.35,1.15,2025-03-14,0111,A,100,6.1NRT,301.92,89.15,N
-32.21993,19.02018,311.26,1.36,1.15,2025-03-14,0111,A,73,6.1NRT,297.84,12.91,N
-32.28352,19.04729,306.4,1.36,1.16,2025-03-14,0111,A,68,6.1NRT,294.76,8.85,N
-32.28944,19.09921,308.46,1.37,1.16,2025-03-14,0111,A,67,6.1NRT,290.95,12.6,N
-32.29996,19.09931,326.22,1.37,1.16,2025-03-14,0111,A,100,6.1NRT,294.56,37.13,N
-32.3014,19.11188,318.43,1.38,1.16,2025-03-14,0111,A,97,6.1NRT,291.87,24.83,N
-32.31039,19.09859,309.65,1.37,1.16,2025-03-14,0111,A,78,6.1NRT,293.2,13.4,N
-32.31175,19.11046,323.28,1.38,1.16,2025-03-14,0111,A,100,6.1NRT,291.66,32.86,N
-32.15464,19.00599,316.91,1.41,1.17,2025-03-14,0735,T,58,6.1NRT,297.56,14.4,D
-32.15104,18.92628,319.74,1.42,1.18,2025-03-14,0735,T,69,6.1NRT,300.87,16.25,D
-32.16693,18.95451,346.63,1.42,1.18,2025-03-14,0735,T,93,6.1NRT,302.25,77.21,D
-32.17696,18.95009,347.92,1.42,1.18,2025-03-14,0735,T,94,6.1NRT,301.49,82.1,D
-32.19558,18.99402,324.97,1.41,1.17,2025-03-14,0735,T,76,6.1NRT,298.53,25.93,D
-32.19856,19.0109,328.81,1.4,1.17,2025-03-14,0735,T,81,6.1NRT,295.85,35.11,D
-32.22926,19.02372,315.54,1.4,1.17,2025-03-14,0735,T,47,6.1NRT,299.09,13.7,D
-32.30677,19.09754,320.19,1.38,1.16,2025-03-14,0735,T,63,6.1NRT,295.88,19.93,D
-18.36298,26.66252,317.96,1,1,2025-03-14,0731,T,62,6.1NRT,301.39,8.33,D
-18.37107,26.45635,315.66,1,1,2025-03-14,0731,T,52,6.1NRT,300.45,6.49,D
-18.43918,26.47717,316,1,1,2025-03-14,0731,T,60,6.1NRT,301.37,7.41,D
-18.44458,26.51422,314.07,1,1,2025-03-14,0731,T,46,6.1NRT,300.05,6.26,D
-18.44593,26.52347,315.93,1,1,2025-03-14,0731,T,67,6.1NRT,302,8.17,D
-24.35402,29.21157,320.1,1.35,1.15,2025-03-14,0731,T,77,6.1NRT,295.21,21.16,D
-24.35557,29.22465,329.53,1.35,1.15,2025-03-14,0731,T,85,6.1NRT,296.49,37.44,D
-12.0756,26.39492,310.25,1.09,1.04,2025-03-14,0729,T,58,6.1NRT,283.76,9.53,D
-6.85378,12.40556,310.11,2.91,1.63,2025-03-14,0907,T,26,6.1NRT,276.61,29.17,D
-6.85658,12.39836,315.51,2.91,1.63,2025-03-14,0907,T,64,6.1NRT,276.61,48.11,D
-7.28742,38.97541,321.76,1.65,1.26,2025-03-14,1145,A,72,6.1NRT,300.46,17.28,D
-7.28753,38.9701,322.26,1.65,1.26,2025-03-14,1145,A,73,6.1NRT,300.62,19.68,D
-6.83298,39.0292,318.8,1.61,1.25,2025-03-14,1145,A,69,6.1NRT,299.33,10.77,D
-6.15661,38.43062,322.66,1.75,1.3,2025-03-14,1145,A,73,6.1NRT,301.92,17,D
-5.70761,38.27759,326.43,1.77,1.3,2025-03-14,1145,A,74,6.1NRT,297.02,44.85,D
-5.4626,38.86891,317.93,1.58,1.24,2025-03-14,1145,A,62,6.1NRT,300.16,13.65,D
-5.51751,38.48505,323.17,1.69,1.28,2025-03-14,1145,A,71,6.1NRT,303.54,14.86,D
-5.45766,38.82569,324.01,1.59,1.24,2025-03-14,1145,A,74,6.1NRT,300.2,23.26,D
-5.45965,38.81166,317.78,1.59,1.24,2025-03-14,1145,A,61,6.1NRT,300.38,10.92,D
-5.4172,38.87625,322.6,1.57,1.24,2025-03-14,1145,A,71,6.1NRT,301.1,20.32,D
-5.42376,38.74907,322.08,1.61,1.25,2025-03-14,1145,A,71,6.1NRT,302.69,15.78,D
-5.43813,38.56321,321.84,1.66,1.27,2025-03-14,1145,A,57,6.1NRT,303.18,12.03,D
-9.60013,19.49945,309.89,1,1,2025-03-14,1318,A,40,6.1NRT,291.97,5.5,D
-9.0801,19.78036,307.87,1,1,2025-03-14,1321,A,60,6.1NRT,287.58,5.16,D
-8.96547,16.05786,308.43,1.32,1.14,2025-03-14,1321,A,61,6.1NRT,289.71,7.21,D
-8.29114,20.1232,312.34,1.02,1.01,2025-03-14,1321,A,68,6.1NRT,290.28,6.86,D
-8.8128,15.24837,316.93,1.49,1.21,2025-03-14,1321,A,73,6.1NRT,289.13,21.25,D
-8.24523,18.53708,310.62,1.01,1.01,2025-03-14,1321,A,65,6.1NRT,286.76,5.96,D
-8.11289,18.23841,310.68,1.03,1.01,2025-03-14,1321,A,63,6.1NRT,288.59,6.34,D
-7.98836,17.75761,315.6,1.06,1.03,2025-03-14,1321,A,67,6.1NRT,295.63,7.52,D
-7.67516,19.22679,314.9,1,1,2025-03-14,1321,A,70,6.1NRT,286.45,8.75,D
-7.41808,20.27921,321.05,1.04,1.02,2025-03-14,1321,A,78,6.1NRT,287.72,14.71,D
-7.41944,20.27006,321.54,1.04,1.02,2025-03-14,1321,A,79,6.1NRT,292.36,15.21,D
-7.62034,16.0213,306.4,1.27,1.12,2025-03-14,1321,A,38,6.1NRT,278.12,8.29,D
-7.18302,15.49257,309.12,1.36,1.15,2025-03-14,1321,A,58,6.1NRT,290.36,7.66,D
-7.15976,13.74563,308.38,1.82,1.32,2025-03-14,1321,A,56,6.1NRT,280.76,13.43,D
-6.34248,18.98969,331.45,1,1,2025-03-14,1321,A,87,6.1NRT,283.47,25.19,D
-6.92079,14.96173,313.44,1.46,1.2,2025-03-14,1321,A,71,6.1NRT,292.53,14.42,D
-6.45743,17.62943,306.06,1.04,1.02,2025-03-14,1321,A,40,6.1NRT,281.26,4.42,D
-6.70723,15.30945,326.88,1.38,1.16,2025-03-14,1321,A,70,6.1NRT,291.26,34.55,D
-6.46069,15.24311,317.96,1.38,1.16,2025-03-14,1321,A,66,6.1NRT,291.26,18.39,D
-4.93908,12.08139,313.19,2.28,1.46,2025-03-14,1321,A,51,6.1NRT,277.95,30.81,D
-32.21198,19.00175,329.32,1.75,1.3,2025-03-14,1314,A,76,6.1NRT,303.33,33.49,D
-32.17908,18.97895,334.89,1.76,1.3,2025-03-14,1314,A,82,6.1NRT,307.11,44.96,D
-32.1811,18.9584,332.33,1.76,1.3,2025-03-14,1314,A,76,6.1NRT,306.41,33.92,D
-28.77965,20.67871,326.91,1.25,1.11,2025-03-14,1314,A,54,6.1NRT,307.72,15.17,D
-28.77715,20.68468,327.71,1.25,1.11,2025-03-14,1314,A,61,6.1NRT,307.38,14.79,D
-15.95812,18.95186,310.78,1.11,1.05,2025-03-14,1318,A,28,6.1NRT,294.63,4.56,D
-33.5654,21.89934,326.97,1.23,1.1,2025-03-14,1314,A,76,6.1NRT,304.26,17.9,D
-33.56697,21.8863,335.56,1.24,1.1,2025-03-14,1314,A,86,6.1NRT,302.19,32.74,D
-33.5438,18.50782,340.22,1.96,1.37,2025-03-14,1314,A,88,6.1NRT,305.6,81.45,D
-33.54578,18.48669,369.4,1.97,1.37,2025-03-14,1314,A,100,6.1NRT,307.19,272.03,D
-33.53357,18.48507,334.62,1.97,1.37,2025-03-14,1314,A,84,6.1NRT,306.27,58.82,D
-32.3247,19.10996,338.87,1.73,1.29,2025-03-14,1314,A,87,6.1NRT,301.48,73.46,D
-32.32691,19.0871,327.03,1.74,1.29,2025-03-14,1314,A,74,6.1NRT,303.76,36.43,D
-32.32811,19.10339,342.32,1.73,1.29,2025-03-14,1314,A,89,6.1NRT,301.57,84.97,D
-18.36413,26.47561,308.3,1.27,1.12,2025-03-14,1942,T,74,6.1NRT,294.46,8.5,N
-18.36706,26.45214,306.26,1.27,1.12,2025-03-14,1942,T,61,6.1NRT,294.71,6.42,N
-24.8186,30.11359,301.75,1.03,1.01,2025-03-14,1938,T,44,6.1NRT,289.63,4.99,N
-7.84996,12.11651,306.66,3.85,1.83,2025-03-14,2123,T,48,6.1NRT,282.48,42.52,N
-7.8427,12.11004,308.36,3.85,1.83,2025-03-14,2123,T,60,6.1NRT,282.24,50.92,N
-6.85402,12.39607,312.03,4.22,1.9,2025-03-14,2123,T,77,6.1NRT,278.88,82.57,N
-6.84981,12.39,309.72,4.22,1.9,2025-03-14,2123,T,68,6.1NRT,278.3,72.66,N
-32.14735,19.03202,302.13,3.53,1.77,2025-03-15,0013,A,45,6.1NRT,290.65,26.67,N
-15.89095,33.03241,302.01,1.01,1.01,2025-03-15,0009,A,46,6.1NRT,291.09,4.12,N
-4.92809,12.09,301.32,1.01,1,2025-03-15,0143,A,33,6.1NRT,286.55,3.81,N
-6.07216,11.36428,312.02,3.09,1.67,2025-03-15,0807,T,49,6.1NRT,286.33,42.25,D
-6.85567,12.39367,324.01,2.48,1.52,2025-03-15,0807,T,77,6.1NRT,280.82,72.82,D
-32.32605,19.11121,316.47,1.68,1.27,2025-03-15,0813,T,65,6.1NRT,294.68,22.55,D
-32.32777,19.12861,311.58,1.68,1.27,2025-03-15,0813,T,38,6.1NRT,293.99,14.53,D
-32.33765,19.11237,315.11,1.68,1.27,2025-03-15,0813,T,55,6.1NRT,293.31,19.91,D
-15.89367,33.03068,310.29,1.2,1.09,2025-03-15,1219,A,41,6.1NRT,290.65,6.03,D
-6.71561,38.84632,326.3,1.78,1.31,2025-03-15,1221,A,69,6.1NRT,302.59,22.43,D
-5.89449,38.56289,325.1,1.75,1.3,2025-03-15,1221,A,68,6.1NRT,300.64,22.43,D
-5.56883,38.8003,321.76,1.85,1.33,2025-03-15,1221,A,45,6.1NRT,300.99,16.11,D
-5.10663,38.52559,329.89,1.79,1.31,2025-03-15,1221,A,52,6.1NRT,304.05,28.7,D
-18.22195,33.02007,311.08,1.28,1.12,2025-03-15,1219,A,59,6.1NRT,290.96,11.91,D
-33.39196,19.16297,323.24,1.27,1.12,2025-03-15,1355,A,70,6.1NRT,304.96,14.19,D
-10.13062,13.657,324.63,1.42,1.18,2025-03-15,1359,A,47,6.1NRT,292.51,25.93,D
-32.33485,19.12925,334.16,1.32,1.14,2025-03-15,1355,A,84,6.1NRT,298.33,38,D
-32.3371,19.11675,320.69,1.31,1.14,2025-03-15,1355,A,34,6.1NRT,298.46,13.6,D
-6.86,12.39242,335.16,1.31,1.14,2025-03-15,1359,A,87,6.1NRT,289.36,48.74,D
-32.33934,19.10432,319.28,1.31,1.14,2025-03-15,1355,A,29,6.1NRT,299.19,12.03,D
-6.29019,12.82497,323.47,1.43,1.18,2025-03-15,1401,A,70,6.1NRT,289.43,24.09,D
-32.32501,19.12601,322.56,1.32,1.14,2025-03-15,1355,A,38,6.1NRT,297.65,15.73,D
-5.26848,16.67213,309.16,2.99,1.64,2025-03-15,1401,A,54,6.1NRT,285.06,24.11,D
-32.32948,19.10125,331.99,1.31,1.14,2025-03-15,1355,A,77,6.1NRT,301.61,32.06,D
-4.86606,12.01871,331.5,1.33,1.14,2025-03-15,1401,A,84,6.1NRT,299.74,33.8,D
-32.17107,19.06401,327.66,1.31,1.14,2025-03-15,1355,A,78,6.1NRT,300.03,23.62,D
-4.13074,15.36532,318.49,2.46,1.51,2025-03-15,1401,A,0,6.1NRT,287.77,28.93,D
-32.17379,19.04887,357.56,1.31,1.14,2025-03-15,1355,A,98,6.1NRT,304.6,103.5,D
-4.52764,11.41668,311.63,1.23,1.1,2025-03-15,1401,A,50,6.1NRT,294.5,8.76,D
-32.16366,19.04728,333.89,1.31,1.14,2025-03-15,1355,A,84,6.1NRT,302.02,35.14,D
-32.16628,19.03278,332.81,1.31,1.14,2025-03-15,1355,A,83,6.1NRT,303.18,32.12,D
-10.77917,15.35569,346.39,1.85,1.33,2025-03-15,1359,A,82,6.1NRT,278.65,126.45,D
-4.28618,11.57304,316.66,1.27,1.12,2025-03-15,1401,A,39,6.1NRT,297.36,7.79,D
-4.27803,11.56042,320.5,1.26,1.12,2025-03-15,1401,A,72,6.1NRT,297.89,13.37,D
-10.78182,15.33962,333.28,1.84,1.33,2025-03-15,1359,A,70,6.1NRT,280.33,72.84,D
-4.24323,11.65775,321.73,1.28,1.12,2025-03-15,1401,A,73,6.1NRT,298.01,12.93,D
-10.76755,15.35357,317.27,1.85,1.33,2025-03-15,1359,A,70,6.1NRT,281.12,33.21,D
-10.77021,15.33751,313.47,1.84,1.33,2025-03-15,1359,A,49,6.1NRT,278.84,25.7,D
-6.0349,38.67679,305.82,1.26,1.12,2025-03-15,1845,T,66,6.1NRT,294.58,5.93,N
-32.32372,19.14388,301.53,1.32,1.14,2025-03-15,2017,T,42,6.1NRT,290.64,6.18,N
-32.32509,19.13103,307.01,1.32,1.14,2025-03-15,2017,T,70,6.1NRT,290.64,10.88,N
-10.77235,15.35278,346.96,1.2,1.09,2025-03-15,2021,T,100,6.1NRT,292.67,74.31,N
-10.77378,15.34194,332.17,1.21,1.09,2025-03-15,2021,T,100,6.1NRT,290.29,42.32,N
-7.84632,12.11328,307.08,1.83,1.33,2025-03-15,2023,T,51,6.1NRT,284.49,15.5,N
-6.85979,12.39776,319.83,1.68,1.28,2025-03-15,2023,T,99,6.1NRT,291.1,31.3,N
-6.86167,12.38285,314.47,1.69,1.28,2025-03-15,2023,T,85,6.1NRT,290.36,21.46,N
-6.86065,12.39201,327.07,1.68,1.28,2025-03-15,2023,T,100,6.1NRT,291.1,48.17,N
-6.25323,12.84373,309.99,1.53,1.22,2025-03-15,2023,T,79,6.1NRT,290.32,15.1,N
-6.24834,12.85098,311.2,1.53,1.22,2025-03-15,2023,T,82,6.1NRT,290.47,17,N
-17.29807,24.14058,316.06,1.01,1,2025-03-16,0050,A,92,6.1NRT,279.02,15.56,N
-17.29944,24.14985,316.24,1.01,1,2025-03-16,0050,A,93,6.1NRT,280.26,15.65,N
-18.36724,26.45124,302.27,1.25,1.11,2025-03-16,0050,A,48,6.1NRT,291.97,5.34,N
-18.42582,26.51349,301.39,1.26,1.12,2025-03-16,0050,A,36,6.1NRT,291.02,4.57,N
-32.32093,19.14204,301.37,1.01,1,2025-03-16,0052,A,17,6.1NRT,289.7,4.33,N
-32.3298,19.1401,308.99,1.01,1,2025-03-16,0052,A,76,6.1NRT,289.54,9.38,N
-24.74586,30.19554,309.88,1,1,2025-03-16,0714,T,54,6.1NRT,295.04,5.88,D
-24.81792,30.11791,314.37,1,1,2025-03-16,0714,T,73,6.1NRT,296.52,8.6,D
-5.23227,38.63045,319.7,1.54,1.22,2025-03-16,0709,T,57,6.1NRT,299.91,13.96,D
-32.32388,19.14024,319.71,2.75,1.59,2025-03-16,0716,T,73,6.1NRT,295.54,57.23,D
-32.33779,19.13665,328.86,2.75,1.59,2025-03-16,0716,T,82,6.1NRT,293.62,99.8,D
-32.32801,19.13334,330.92,2.75,1.59,2025-03-16,0716,T,84,6.1NRT,295.29,114.76,D
-32.3343,19.16186,319.61,2.74,1.58,2025-03-16,0716,T,73,6.1NRT,295.47,57.31,D
-4.51,12.05193,313.82,1.14,1.06,2025-03-16,0848,T,67,6.1NRT,294.23,9.13,D
-4.5301,11.54643,317.3,1.08,1.04,2025-03-16,0848,T,68,6.1NRT,293.65,11.5,D
-4.53146,11.55593,315.94,1.08,1.04,2025-03-16,0848,T,65,6.1NRT,293.52,10.15,D
-4.52166,11.42232,310.25,1.07,1.03,2025-03-16,0848,T,34,6.1NRT,294.02,5.09,D
-4.92163,11.3845,322.95,1.08,1.04,2025-03-16,0848,T,72,6.1NRT,292.4,17.78,D
-6.14421,11.03333,317.5,1.07,1.03,2025-03-16,0848,T,68,6.1NRT,294.21,11.78,D
-22.13151,46.73754,309.48,1.73,1.29,2025-03-16,1119,A,51,6.1NRT,294.07,11.84,D
-17.31243,48.73071,316.61,1.13,1.06,2025-03-16,1119,A,70,6.1NRT,291.01,13.53,D
-4.99184,39.84199,310.6,3.26,1.71,2025-03-16,1123,A,0,6.1NRT,293.57,37.7,D
-8.57481,18.61356,316.2,1.98,1.37,2025-03-16,1301,A,61,6.1NRT,297.49,17.9,D
-8.34235,18.42525,313.6,2.03,1.39,2025-03-16,1301,A,67,6.1NRT,294.66,19.29,D
-8.35036,18.41955,316.01,2.03,1.39,2025-03-16,1301,A,71,6.1NRT,294.58,25.06,D
-6.32298,23.88404,333.56,1,1,2025-03-16,1301,A,81,6.1NRT,298.25,24.31,D
-5.90056,19.51517,333.09,1.53,1.22,2025-03-16,1301,A,78,6.1NRT,300.18,42.13,D
-4.42319,24.74219,318.33,1.05,1.02,2025-03-16,1301,A,62,6.1NRT,294.16,8.64,D
-4.71561,22.61356,319.33,1.02,1.01,2025-03-16,1301,A,74,6.1NRT,297.09,10.34,D
-4.71691,22.60461,318.01,1.02,1.01,2025-03-16,1301,A,72,6.1NRT,297.75,9.39,D
-5.06609,16.88437,313.87,2.39,1.49,2025-03-16,1301,A,68,6.1NRT,292.13,25.3,D
-4.09672,21.60024,314.48,1.09,1.04,2025-03-16,1301,A,66,6.1NRT,296.09,6.66,D
-4.03745,21.03423,316.09,1.16,1.07,2025-03-16,1301,A,69,6.1NRT,294.64,11.6,D
-4.03888,21.02411,323.24,1.16,1.07,2025-03-16,1301,A,78,6.1NRT,293.03,19.59,D
-4.03308,21.02806,327.78,1.16,1.07,2025-03-16,1301,A,82,6.1NRT,293.49,26.66,D
-32.33101,19.15582,321.25,3.78,1.82,2025-03-16,1255,A,56,6.1NRT,299.13,82.89,D
-32.3149,19.153,319.27,3.78,1.82,2025-03-16,1255,A,43,6.1NRT,297.32,64.98,D
-32.3238,19.15016,328.95,3.78,1.82,2025-03-16,1255,A,81,6.1NRT,298.58,137.38,D
-18.42901,26.42096,320.22,1,1,2025-03-16,1259,A,25,6.1NRT,303.77,6.6,D
-18.37361,26.48179,325,1,1,2025-03-16,1259,A,65,6.1NRT,306.87,12.83,D
-17.30347,24.1404,342.14,1.12,1.05,2025-03-16,1259,A,79,6.1NRT,299.32,47.12,D
-17.29723,24.12498,305.63,4.11,1.88,2025-03-16,1921,T,65,6.1NRT,289.4,49.85,N
-32.31126,19.17597,307.39,1.76,1.3,2025-03-16,2057,T,71,6.1NRT,292.11,17.72,N
-7.84401,12.11313,325.29,1.63,1.26,2025-03-16,2104,T,100,6.1NRT,286.33,44.52,N
-32.31482,19.15717,313.08,1.75,1.3,2025-03-16,2057,T,86,6.1NRT,291.37,27.33,N
-7.59259,12.10612,309.31,1.65,1.26,2025-03-16,2104,T,65,6.1NRT,283.02,16.34,N
-7.5905,12.11438,308.78,1.65,1.26,2025-03-16,2104,T,63,6.1NRT,282.15,14.86,N
-7.84489,12.11249,312.53,1.41,1.18,2025-03-17,0124,A,79,6.1NRT,288.16,17.68,N
-17.29727,24.14269,339.03,1.14,1.07,2025-03-17,0752,T,68,6.1NRT,299.73,44.37,D
-32.29678,19.14663,322.73,1.02,1.01,2025-03-17,0754,T,62,6.1NRT,298.03,14.05,D
-32.30571,19.14493,327.79,1.02,1.01,2025-03-17,0754,T,81,6.1NRT,295.78,20.75,D
-32.30718,19.1558,324.4,1.02,1.01,2025-03-17,0754,T,65,6.1NRT,295.91,16.03,D
-32.30866,19.16666,327.6,1.02,1.01,2025-03-17,0754,T,81,6.1NRT,294.99,20.73,D
-32.83796,18.99941,316.28,1.02,1.01,2025-03-17,0754,T,69,6.1NRT,300.57,7.76,D
-32.93592,18.90898,351.79,1.02,1.01,2025-03-17,0754,T,96,6.1NRT,302.84,58.77,D
-32.93737,18.91965,327.39,1.02,1.01,2025-03-17,0754,T,82,6.1NRT,301.48,16.92,D
-32.99955,18.90203,315.09,1.02,1.01,2025-03-17,0754,T,57,6.1NRT,301.38,4.93,D
-33.00101,18.91272,323.44,1.02,1.01,2025-03-17,0754,T,78,6.1NRT,301.26,12.97,D
-33.07483,18.91432,335.01,1.02,1.01,2025-03-17,0754,T,88,6.1NRT,301.85,27.94,D
-33.07628,18.92503,330.74,1.02,1.01,2025-03-17,0754,T,85,6.1NRT,302.54,21.97,D
-33.08667,18.93403,405.69,1.02,1.01,2025-03-17,0754,T,100,6.1NRT,309.22,287.66,D
-33.08812,18.94473,370.36,1.02,1.01,2025-03-17,0754,T,100,6.1NRT,305.53,111.48,D
-33.07375,18.77207,340.93,1.01,1.01,2025-03-17,0754,T,91,6.1NRT,302.55,38.25,D
-33.07521,18.78273,350.04,1.01,1.01,2025-03-17,0754,T,95,6.1NRT,303.45,56.33,D
-33.07667,18.79338,312.74,1.01,1.01,2025-03-17,0754,T,64,6.1NRT,301.02,4.59,D
-33.08267,18.77038,342.04,1.01,1.01,2025-03-17,0754,T,92,6.1NRT,303.16,40.05,D
-33.08413,18.78103,372.05,1.01,1.01,2025-03-17,0754,T,100,6.1NRT,306.12,118.1,D
-33.08132,18.6941,322.56,1.01,1,2025-03-17,0754,T,78,6.1NRT,302.81,12.41,D
-33.08279,18.70473,316.9,1.01,1,2025-03-17,0754,T,63,6.1NRT,301.95,6.66,D
-33.10476,18.86476,323.32,1.02,1.01,2025-03-17,0754,T,79,6.1NRT,300.7,15.93,D
-33.09023,18.69241,316.74,1.01,1,2025-03-17,0754,T,44,6.1NRT,301.86,6.41,D
-33.09171,18.70305,317.54,1.01,1,2025-03-17,0754,T,51,6.1NRT,302.25,6.96,D
-33.09037,18.43131,313.26,1,1,2025-03-17,0754,T,64,6.1NRT,301.01,5.3,D
-33.17731,18.85604,328.2,1.02,1.01,2025-03-17,0754,T,83,6.1NRT,302.08,20.09,D
-33.17878,18.86674,321.53,1.02,1.01,2025-03-17,0754,T,77,6.1NRT,301.33,12.78,D
-33.16135,18.67277,380.86,1.01,1,2025-03-17,0754,T,100,6.1NRT,306.37,151.72,D
-33.16282,18.68339,326.53,1.01,1,2025-03-17,0754,T,81,6.1NRT,302.03,17.38,D
-33.17026,18.67106,337.31,1.01,1,2025-03-17,0754,T,89,6.1NRT,302.23,32.27,D
-33.17173,18.68171,321.16,1.01,1,2025-03-17,0754,T,76,6.1NRT,301.03,12.14,D
-33.17476,18.63747,320.78,1.01,1,2025-03-17,0754,T,76,6.1NRT,301.5,11.18,D
-33.18367,18.63577,325.13,1.01,1,2025-03-17,0754,T,80,6.1NRT,301.78,15.73,D
-33.18514,18.64638,321.48,1.01,1,2025-03-17,0754,T,76,6.1NRT,301.2,11.77,D
-33.28576,18.64253,343.93,1.01,1,2025-03-17,0754,T,92,6.1NRT,302.7,43.77,D
-33.28724,18.65318,325.14,1.01,1,2025-03-17,0754,T,80,6.1NRT,301.86,15.96,D
-33.38659,18.63914,319.21,1.01,1,2025-03-17,0756,T,35,6.1NRT,300.43,9.39,D
-33.3955,18.63744,343.64,1.01,1,2025-03-17,0756,T,92,6.1NRT,302.13,42.93,D
-33.39697,18.64809,319.3,1.01,1.01,2025-03-17,0756,T,42,6.1NRT,300.08,9.52,D
-33.40403,18.62933,316.76,1.01,1,2025-03-17,0756,T,71,6.1NRT,300.51,8.29,D
-33.40549,18.63999,315.68,1.01,1.01,2025-03-17,0756,T,69,6.1NRT,300.57,7.36,D
-33.50912,18.92909,317.77,1.02,1.01,2025-03-17,0756,T,72,6.1NRT,301.63,9.6,D
-33.5106,18.93992,328.86,1.02,1.01,2025-03-17,0756,T,83,6.1NRT,300.72,21.75,D
-33.51672,18.84994,316.91,1.02,1.01,2025-03-17,0756,T,71,6.1NRT,302.92,6.63,D
-10.62094,39.59092,312.13,1,1,2025-03-17,1202,A,51,6.1NRT,293.06,6.51,D
-11.21855,32.08996,301.9,2.8,1.6,2025-03-17,1202,A,19,6.1NRT,284.49,11.38,D
-8.53776,38.9312,316.22,1,1,2025-03-17,1202,A,67,6.1NRT,297.83,6.53,D
-8.53905,38.92234,316.91,1,1,2025-03-17,1202,A,68,6.1NRT,297.99,7.33,D
-6.93042,38.74392,318.88,1,1,2025-03-17,1202,A,68,6.1NRT,299.7,6.21,D
-6.37826,39.49063,328.03,1.02,1.01,2025-03-17,1202,A,65,6.1NRT,300,16.06,D
-6.37957,39.48167,320.28,1.02,1.01,2025-03-17,1202,A,47,6.1NRT,300.57,8.01,D
-6.28201,39.45137,331.79,1.02,1.01,2025-03-17,1202,A,80,6.1NRT,298.89,21.6,D
-6.28332,39.44242,330.6,1.02,1.01,2025-03-17,1202,A,79,6.1NRT,300.51,20.03,D
-6.24881,39.4922,332.47,1.02,1.01,2025-03-17,1202,A,81,6.1NRT,299.7,22.55,D
-6.25013,39.48323,337.71,1.02,1.01,2025-03-17,1202,A,86,6.1NRT,299.88,31.07,D
-5.84928,39.31971,330.85,1.02,1.01,2025-03-17,1202,A,81,6.1NRT,302.79,16.13,D
-5.48516,38.91448,322.23,1.01,1,2025-03-17,1202,A,36,6.1NRT,301.72,7.27,D
-5.00712,39.08379,331.05,1.01,1.01,2025-03-17,1202,A,80,6.1NRT,303.99,15.27,D
-4.88207,39.18706,320.97,1.02,1.01,2025-03-17,1202,A,41,6.1NRT,301.88,9.14,D
-4.88339,39.17812,320.66,1.02,1.01,2025-03-17,1202,A,40,6.1NRT,300.83,8.81,D
-4.78355,39.10186,325.76,1.02,1.01,2025-03-17,1204,A,76,6.1NRT,302.69,11.26,D
-4.63211,39.36999,324.22,1.03,1.02,2025-03-17,1204,A,56,6.1NRT,305.01,9.14,D
-4.22385,39.38622,332.57,1.04,1.02,2025-03-17,1204,A,45,6.1NRT,305.83,17.88,D
-4.49752,28.89532,306.32,3.97,1.85,2025-03-17,1204,A,36,6.1NRT,289.65,33.82,D
-4.13972,28.72802,309.78,4.05,1.87,2025-03-17,1204,A,59,6.1NRT,286.55,60.06,D
-4.13266,28.71866,306.77,4.05,1.87,2025-03-17,1204,A,29,6.1NRT,285.68,45.3,D
-9.92501,14.92868,323.16,1,1,2025-03-17,1340,A,78,6.1NRT,294.22,15.57,D
-9.92631,14.91981,314.8,1,1,2025-03-17,1340,A,66,6.1NRT,294.95,7.44,D
-9.82168,14.55604,321.6,1,1,2025-03-17,1340,A,75,6.1NRT,298.52,10.74,D
-9.19091,15.77455,318.31,1.04,1.02,2025-03-17,1340,A,65,6.1NRT,300.8,9.18,D
-9.38506,13.6836,316.52,1.03,1.01,2025-03-17,1340,A,64,6.1NRT,293.27,9.31,D
-8.80188,15.78374,313.93,1.04,1.02,2025-03-17,1340,A,61,6.1NRT,297.04,7.68,D
-7.9333,16.77965,323.88,1.17,1.08,2025-03-17,1340,A,78,6.1NRT,296.65,19.16,D
-8.10658,15.55295,310.87,1.04,1.02,2025-03-17,1340,A,45,6.1NRT,294.02,5.37,D
-7.73677,17.40054,330.85,1.27,1.12,2025-03-17,1340,A,84,6.1NRT,298.04,31.14,D
-8.23145,13.36955,316.19,1.03,1.02,2025-03-17,1340,A,71,6.1NRT,296.63,6.47,D
-7.50153,17.27172,322.81,1.26,1.11,2025-03-17,1340,A,34,6.1NRT,298.66,15.13,D
-7.88565,14.73976,342.62,1,1,2025-03-17,1340,A,70,6.1NRT,293.24,44.77,D
-7.45546,15.45713,313.53,1.04,1.02,2025-03-17,1342,A,31,6.1NRT,293.95,7.88,D
-7.35045,15.85056,318.43,1.07,1.03,2025-03-17,1342,A,71,6.1NRT,297.74,10.66,D
-7.451,14.98943,311.9,1.02,1.01,2025-03-17,1342,A,58,6.1NRT,296.88,4.99,D
-7.45232,14.9805,319.99,1.01,1.01,2025-03-17,1342,A,74,6.1NRT,297.34,12,D
-7.39353,15.07217,311.6,1.02,1.01,2025-03-17,1342,A,57,6.1NRT,296.6,5.47,D
-7.32496,15.27595,315.75,1.03,1.01,2025-03-17,1342,A,67,6.1NRT,295.13,8.29,D
-7.32629,15.2669,311.63,1.03,1.01,2025-03-17,1342,A,57,6.1NRT,295.38,4.91,D
-7.22955,14.48391,318.13,1,1,2025-03-17,1342,A,68,6.1NRT,295.73,9.7,D
-7.06897,14.95267,317.63,1.02,1.01,2025-03-17,1342,A,68,6.1NRT,293.61,10.19,D
-7.12532,14.50785,319.31,1,1,2025-03-17,1342,A,73,6.1NRT,297.47,10.69,D
-7.09506,14.32547,327.82,1,1,2025-03-17,1342,A,82,6.1NRT,297.34,19.14,D
-7.09634,14.31666,314.22,1,1,2025-03-17,1342,A,65,6.1NRT,298.37,5.55,D
-6.93325,15.30406,314.77,1.04,1.02,2025-03-17,1342,A,65,6.1NRT,297.67,7.18,D
-6.94445,14.98257,320.3,1.02,1.01,2025-03-17,1342,A,74,6.1NRT,296.66,12.59,D
-7.02085,14.34141,317.45,1,1,2025-03-17,1342,A,70,6.1NRT,297.23,8.18,D
-6.87824,14.99424,312,1.02,1.01,2025-03-17,1342,A,57,6.1NRT,296.59,5.3,D
-6.78442,14.75479,316.66,1.01,1.01,2025-03-17,1342,A,69,6.1NRT,296.23,8.78,D
-6.82972,14.25,310.3,1,1,2025-03-17,1342,A,53,6.1NRT,294.7,3.24,D
-6.26799,17.55172,317.24,1.37,1.16,2025-03-17,1342,A,66,6.1NRT,295.85,13.05,D
-6.70214,14.54886,322.11,1.01,1,2025-03-17,1342,A,77,6.1NRT,297.52,13.87,D
-6.8671,12.39675,316.11,1.09,1.04,2025-03-17,1342,A,42,6.1NRT,294.09,8.32,D
-6.85794,12.39542,320.75,1.09,1.04,2025-03-17,1342,A,73,6.1NRT,294.22,13.63,D
-6.8593,12.38584,318.69,1.09,1.04,2025-03-17,1342,A,70,6.1NRT,294.83,11.38,D
-6.06493,16.41009,322.86,1.17,1.08,2025-03-17,1342,A,68,6.1NRT,301.1,13.28,D
-5.97332,16.52776,333.7,1.19,1.09,2025-03-17,1342,A,79,6.1NRT,298.15,31.07,D
-5.97491,16.51729,340.1,1.19,1.09,2025-03-17,1342,A,90,6.1NRT,303.62,42.2,D
-5.95577,16.4237,324.99,1.18,1.08,2025-03-17,1342,A,69,6.1NRT,301.7,11.22,D
-6.21382,14.42756,319.2,1.01,1,2025-03-17,1342,A,72,6.1NRT,293.49,11.62,D
-6.19026,14.34288,320.42,1,1,2025-03-17,1342,A,74,6.1NRT,295.48,12.59,D
-6.14895,14.42031,310.25,1.01,1,2025-03-17,1342,A,19,6.1NRT,293.98,3.41,D
-6.32242,12.7223,316.97,1.05,1.02,2025-03-17,1342,A,33,6.1NRT,297.63,7,D
-6.06878,14.40276,312.81,1.01,1,2025-03-17,1342,A,41,6.1NRT,296.34,5.11,D
-5.66073,16.70023,331.94,1.23,1.1,2025-03-17,1342,A,84,6.1NRT,297,32.5,D
-5.86475,15.29196,316.88,1.05,1.03,2025-03-17,1342,A,66,6.1NRT,299.27,8.06,D
-5.38936,17.74572,325.49,1.46,1.19,2025-03-17,1342,A,79,6.1NRT,298.38,25.28,D
-5.3789,17.74404,315.25,1.46,1.19,2025-03-17,1342,A,36,6.1NRT,296.82,8.18,D
-5.43399,16.62547,312.85,1.23,1.1,2025-03-17,1342,A,44,6.1NRT,294.8,5.7,D
-5.73847,13.95153,322.96,1,1,2025-03-17,1342,A,68,6.1NRT,299.13,12.07,D
-5.21343,16.6011,320.49,1.23,1.1,2025-03-17,1342,A,71,6.1NRT,298.01,14.8,D
-5.35109,15.69462,318.11,1.1,1.05,2025-03-17,1342,A,66,6.1NRT,299.2,8.58,D
-5.29526,15.76987,315.71,1.11,1.05,2025-03-17,1342,A,61,6.1NRT,298.16,7.49,D
-5.46056,14.46539,317.2,1.01,1.01,2025-03-17,1342,A,62,6.1NRT,298.73,6.59,D
-5.57898,13.65555,314.55,1,1,2025-03-17,1342,A,58,6.1NRT,296.52,6.61,D
-5.30711,15.43881,321.65,1.08,1.04,2025-03-17,1342,A,73,6.1NRT,297.24,12.77,D
-5.3407,14.1464,315.69,1,1,2025-03-17,1342,A,63,6.1NRT,297.26,6.56,D
-5.38879,13.57028,324.11,1,1,2025-03-17,1342,A,77,6.1NRT,296.54,14.26,D
-5.05994,15.42157,316.92,1.08,1.04,2025-03-17,1342,A,65,6.1NRT,298.52,8.38,D
-4.55108,17.65433,318.54,1.48,1.2,2025-03-17,1342,A,67,6.1NRT,296.46,14.73,D
-4.8252,15.75887,318.07,1.12,1.06,2025-03-17,1342,A,67,6.1NRT,298.39,9.8,D
-4.87159,14.82622,322.4,1.04,1.02,2025-03-17,1342,A,66,6.1NRT,291.86,14.65,D
-4.49405,17.21772,318.54,1.38,1.16,2025-03-17,1342,A,51,6.1NRT,298.17,12.38,D
-4.82458,14.39083,320.92,1.01,1.01,2025-03-17,1342,A,72,6.1NRT,299.14,10.29,D
-5.12093,12.09969,325.98,1.08,1.04,2025-03-17,1342,A,61,6.1NRT,296.73,19.6,D
-5.12232,12.09016,312.27,1.08,1.04,2025-03-17,1342,A,0,6.1NRT,296.41,4.79,D
-4.84429,13.9372,315.07,1,1,2025-03-17,1342,A,62,6.1NRT,297.93,5.88,D
-4.86621,13.72538,321.58,1,1,2025-03-17,1342,A,74,6.1NRT,295.91,12.62,D
-4.86636,13.66271,318.1,1,1,2025-03-17,1342,A,69,6.1NRT,295.44,10.11,D
-4.93782,12.08985,331.94,1.08,1.04,2025-03-17,1342,A,74,6.1NRT,297.5,26.52,D
-4.9392,12.08041,319.34,1.08,1.04,2025-03-17,1342,A,68,6.1NRT,298.83,10.27,D
-4.38671,15.67176,317.5,1.12,1.06,2025-03-17,1342,A,64,6.1NRT,297.98,9.38,D
-4.87304,12.02251,319.66,1.08,1.04,2025-03-17,1342,A,37,6.1NRT,300.13,9.48,D
-4.86391,12.02119,327.42,1.08,1.04,2025-03-17,1342,A,81,6.1NRT,300.52,19.17,D
-4.86527,12.01163,323.7,1.08,1.04,2025-03-17,1342,A,73,6.1NRT,298.84,14.67,D
-4.69671,12.22443,316.93,1.06,1.03,2025-03-17,1342,A,70,6.1NRT,294.77,11.13,D
-4.54751,12.1715,314.59,1.06,1.03,2025-03-17,1342,A,56,6.1NRT,294.13,8.86,D
-4.35169,12.12163,319.49,1.06,1.03,2025-03-17,1342,A,63,6.1NRT,291.85,14.05,D
-4.39871,11.73149,318.31,1.1,1.05,2025-03-17,1342,A,43,6.1NRT,296.23,9.41,D
-4.40011,11.72182,334.94,1.1,1.05,2025-03-17,1342,A,87,6.1NRT,297.5,31.66,D
-4.3895,11.7302,321.64,1.1,1.05,2025-03-17,1342,A,75,6.1NRT,293.66,13.42,D
-4.39089,11.72055,337.71,1.1,1.05,2025-03-17,1342,A,89,6.1NRT,296.92,37.1,D
-4.37706,11.61945,316.87,1.11,1.05,2025-03-17,1342,A,57,6.1NRT,298.5,6.21,D
-4.34266,11.60784,317.58,1.11,1.05,2025-03-17,1342,A,66,6.1NRT,297.89,7.54,D
-4.30565,11.60239,320.84,1.11,1.05,2025-03-17,1342,A,74,6.1NRT,297.24,11.53,D
-4.17606,11.73614,313.9,1.1,1.04,2025-03-17,1342,A,62,6.1NRT,296.07,7.58,D
-4.17743,11.72656,319.92,1.1,1.04,2025-03-17,1342,A,73,6.1NRT,296.05,13.78,D
-4.19576,11.53106,317.18,1.12,1.05,2025-03-17,1342,A,30,6.1NRT,299.01,8.38,D
-4.17432,11.43063,314.16,1.13,1.06,2025-03-17,1342,A,45,6.1NRT,297.41,6.54,D
-34.38614,21.27918,326.01,1,1,2025-03-17,1333,A,82,6.1NRT,298.89,18.54,D
-34.38775,21.26847,320.57,1,1,2025-03-17,1333,A,77,6.1NRT,299.85,12.6,D
-33.68351,18.66882,325.77,1.07,1.03,2025-03-17,1333,A,77,6.1NRT,308.82,13.28,D
-33.67604,18.67348,321.09,1.07,1.03,2025-03-17,1333,A,57,6.1NRT,307.81,9.26,D
-33.67754,18.66211,328.93,1.07,1.03,2025-03-17,1333,A,80,6.1NRT,308.36,18.98,D
-33.63085,18.94186,348.71,1.05,1.02,2025-03-17,1333,A,94,6.1NRT,309.14,51.81,D
-33.63235,18.93072,325.91,1.05,1.02,2025-03-17,1333,A,66,6.1NRT,309.83,13.15,D
-33.5388,18.51299,321.07,1.08,1.04,2025-03-17,1333,A,51,6.1NRT,308.4,8.6,D
-33.52959,18.51134,324.3,1.08,1.04,2025-03-17,1333,A,73,6.1NRT,308,12.86,D
-33.38693,18.9736,322.81,1.05,1.02,2025-03-17,1333,A,54,6.1NRT,309.01,6.65,D
-33.37788,18.97188,356.22,1.05,1.02,2025-03-17,1333,A,98,6.1NRT,309.42,66.17,D
-33.37935,18.96084,331.94,1.05,1.02,2025-03-17,1333,A,81,6.1NRT,310.39,17.27,D
-33.4117,18.71599,327.47,1.06,1.03,2025-03-17,1333,A,76,6.1NRT,305.78,15.89,D
-33.25119,18.8217,323.02,1.05,1.02,2025-03-17,1333,A,68,6.1NRT,309.44,8.06,D
-33.19021,18.65511,324.21,1.06,1.03,2025-03-17,1333,A,70,6.1NRT,310.16,9.31,D
-33.19171,18.6438,323.36,1.06,1.03,2025-03-17,1333,A,68,6.1NRT,310.62,8.5,D
-33.13483,18.86103,323.86,1.05,1.02,2025-03-17,1333,A,70,6.1NRT,308.96,10.42,D
-32.89083,18.62624,327.3,1.06,1.03,2025-03-17,1333,A,72,6.1NRT,311.77,12.6,D
-32.88172,18.62452,333.42,1.06,1.03,2025-03-17,1333,A,81,6.1NRT,311.9,20.54,D
-32.61864,18.87211,364.77,1.04,1.02,2025-03-17,1333,A,100,6.1NRT,313.61,89.4,D
-32.31104,19.17209,327.67,1.02,1.01,2025-03-17,1333,A,68,6.1NRT,306.48,16.95,D
-28.20534,32.37151,373.48,1.71,1.28,2025-03-17,2000,T,100,6.1NRT,291.61,279.32,N
-28.20847,32.35463,344.26,1.7,1.28,2025-03-17,2000,T,100,6.1NRT,289.86,109.48,N
-28.19402,32.36892,301.77,1.71,1.28,2025-03-17,2000,T,44,6.1NRT,288.57,8.07,N
-28.19719,32.35192,300.56,1.7,1.28,2025-03-17,2000,T,21,6.1NRT,288.5,6.84,N
-28.20785,32.36668,360.43,1.71,1.28,2025-03-17,2000,T,100,6.1NRT,291.85,190.5,N
-28.21086,32.34982,302.55,1.7,1.28,2025-03-17,2000,T,32,6.1NRT,288.86,8.71,N
-28.19654,32.36404,336.02,1.71,1.28,2025-03-17,2000,T,100,6.1NRT,289.13,80.4,N
-28.19958,32.34706,302.39,1.7,1.28,2025-03-17,2000,T,31,6.1NRT,288.55,8.99,N
-26.53946,29.15454,308.62,1.18,1.08,2025-03-17,2000,T,75,6.1NRT,285.42,12.92,N
-26.03556,29.20932,304.1,1.21,1.09,2025-03-17,2000,T,58,6.1NRT,287.85,9.78,N
-18.43141,26.51275,303.07,1.11,1.05,2025-03-17,2002,T,53,6.1NRT,292.04,4.76,N
-18.36947,26.48152,308.71,1.11,1.05,2025-03-17,2002,T,75,6.1NRT,292.85,9.19,N
-18.37103,26.47125,308.45,1.11,1.05,2025-03-17,2002,T,75,6.1NRT,292.53,8.6,N
-18.37414,26.45071,305.17,1.1,1.05,2025-03-17,2002,T,61,6.1NRT,292.59,5.95,N
-17.2969,24.14663,305.22,1,1,2025-03-17,2002,T,63,6.1NRT,293.41,5.67,N
-17.29817,24.13742,312.62,1,1,2025-03-17,2002,T,85,6.1NRT,293.34,10.8,N
-12.07787,26.39478,302.91,1.31,1.14,2025-03-17,2004,T,52,6.1NRT,288.18,8.44,N
-6.86115,12.39717,311.34,4.03,1.86,2025-03-17,2004,T,75,6.1NRT,284.32,69.57,N
-4.38456,25.74257,302.01,1.55,1.23,2025-03-17,2004,T,46,6.1NRT,290.99,5.97,N
-4.86375,12.01699,302.76,4.03,1.86,2025-03-17,2004,T,51,6.1NRT,288.28,28.82,N
-4.85752,12.00869,303.81,4.03,1.86,2025-03-17,2004,T,57,6.1NRT,288.08,33.58,N
-25.72762,27.61187,305.93,1.02,1.01,2025-03-18,0033,A,66,6.1NRT,286.79,8.67,N
-33.13301,19.01227,304.94,1.64,1.26,2025-03-18,0035,A,62,6.1NRT,293.18,13.14,N
-17.29412,24.14502,304.85,1.54,1.22,2025-03-18,0028,A,62,6.1NRT,290.87,12.46,N
-18.3619,26.47859,306.51,1.09,1.04,2025-03-18,0028,A,68,6.1NRT,291.39,8.35,N
-6.13472,11.03872,311.42,1.62,1.25,2025-03-18,0204,A,75,6.1NRT,291.94,15.2,N
-6.84743,12.39839,313.53,2.13,1.42,2025-03-18,0204,A,82,6.1NRT,288.85,33.49,N
-6.85994,12.39671,323.49,2.13,1.42,2025-03-18,0204,A,100,6.1NRT,289.04,60.59,N
-7.84375,12.12263,316.73,2.1,1.41,2025-03-18,0204,A,92,6.1NRT,290.38,39.37,N
-32.89144,18.99929,330.05,3.78,1.82,2025-03-18,0835,T,83,6.1NRT,304.53,140.18,D
-32.89923,18.99387,326.48,3.78,1.82,2025-03-18,0835,T,80,6.1NRT,304.65,110.36,D
-32.90109,19.02975,318.73,3.8,1.82,2025-03-18,0835,T,50,6.1NRT,301.4,62.97,D
-32.95976,18.9109,328.9,3.73,1.81,2025-03-18,0835,T,82,6.1NRT,304.56,109.4,D
-32.96199,18.95036,325.05,3.75,1.81,2025-03-18,0835,T,78,6.1NRT,304.78,85.44,D
-32.9676,18.90316,324.06,3.73,1.81,2025-03-18,0835,T,77,6.1NRT,304.53,69.51,D
-32.96962,18.94268,327.14,3.75,1.81,2025-03-18,0835,T,80,6.1NRT,304.66,99.65,D
-33.06459,18.89739,325.05,3.73,1.81,2025-03-18,0835,T,78,6.1NRT,305.34,80.49,D
-33.06684,18.9365,320,3.75,1.81,2025-03-18,0835,T,55,6.1NRT,305.69,46.33,D
-33.07268,18.89182,325.11,3.73,1.81,2025-03-18,0835,T,75,6.1NRT,305.21,80.33,D
-33.07471,18.93106,323.11,3.75,1.81,2025-03-18,0835,T,58,6.1NRT,306.22,66.11,D
-33.06789,18.50794,323.09,3.51,1.76,2025-03-18,0835,T,76,6.1NRT,306.37,60.65,D
-33.13725,18.8862,320.41,3.73,1.81,2025-03-18,0835,T,68,6.1NRT,304.17,49.92,D
-33.34711,18.58763,339.91,3.57,1.77,2025-03-18,0835,T,90,6.1NRT,306.19,196.53,D
-33.34939,18.62507,323.04,3.6,1.78,2025-03-18,0835,T,61,6.1NRT,307.21,53.55,D
-33.34046,18.58126,327.3,3.57,1.77,2025-03-18,0835,T,80,6.1NRT,305.99,86.4,D
-33.34251,18.61884,325.7,3.6,1.78,2025-03-18,0835,T,79,6.1NRT,306.78,75.43,D
-33.35633,18.58003,322.7,3.57,1.77,2025-03-18,0835,T,71,6.1NRT,305.98,52.03,D
-33.38498,18.80745,322.73,3.71,1.8,2025-03-18,0835,T,59,6.1NRT,306.48,63.46,D
-33.41948,18.84514,319.44,3.73,1.81,2025-03-18,0835,T,49,6.1NRT,304.94,39.99,D
-7.56248,13.00514,311.73,1.03,1.01,2025-03-18,0828,T,47,6.1NRT,293.69,5.38,D
-15.45126,47.69147,324.28,2.82,1.6,2025-03-18,1102,A,60,6.1NRT,293.79,70.77,D
-25.18235,29.32868,318.79,1.35,1.15,2025-03-18,1236,A,75,6.1NRT,298.5,17.55,D
-15.90112,28.93127,317.17,1.11,1.05,2025-03-18,1238,A,60,6.1NRT,302.26,10.18,D
-9.57281,27.74801,345.61,1.09,1.04,2025-03-18,1242,A,94,6.1NRT,297.93,55.19,D
-9.57417,27.7384,367.16,1.1,1.04,2025-03-18,1242,A,100,6.1NRT,301.25,116.65,D
-9.565,27.73709,328.63,1.1,1.04,2025-03-18,1242,A,85,6.1NRT,293.71,25.31,D
-8.87995,26.19459,311.34,1.3,1.13,2025-03-18,1242,A,34,6.1NRT,295.42,5.12,D
-8.46678,24.71021,313.84,1.63,1.26,2025-03-18,1242,A,48,6.1NRT,290.93,17.69,D
-8.17531,26.79179,321.74,1.18,1.08,2025-03-18,1242,A,61,6.1NRT,296.9,15.91,D
-8.17028,26.79609,319.59,1.17,1.08,2025-03-18,1242,A,53,6.1NRT,297.85,13.22,D
-8.08486,26.78385,315.07,1.17,1.08,2025-03-18,1242,A,68,6.1NRT,298.01,7.81,D
-7.60001,24.41114,313.16,1.66,1.27,2025-03-18,1242,A,66,6.1NRT,297.31,11.93,D
-7.02708,27.05122,317.37,1.11,1.05,2025-03-18,1242,A,0,6.1NRT,296.21,10.34,D
-7.1225,23.77776,317.52,1.83,1.32,2025-03-18,1242,A,72,6.1NRT,298.14,18.27,D
-6.78578,25.95658,316.53,1.26,1.12,2025-03-18,1242,A,69,6.1NRT,297.25,12.83,D
-7.13707,23.35009,311.61,1.98,1.37,2025-03-18,1242,A,61,6.1NRT,294.32,12.87,D
-7.10473,21.92709,318.08,2.57,1.54,2025-03-18,1242,A,57,6.1NRT,290.36,42.54,D
-7.11009,21.92104,314.85,2.57,1.54,2025-03-18,1242,A,44,6.1NRT,288.18,30.05,D
-7.06213,21.86734,314.14,2.6,1.55,2025-03-18,1242,A,53,6.1NRT,291.59,33.25,D
-7.06516,21.8447,315.78,2.61,1.55,2025-03-18,1242,A,56,6.1NRT,290.15,38.47,D
-6.24506,26.8996,314.93,1.11,1.05,2025-03-18,1242,A,49,6.1NRT,298.97,6.8,D
-6.87811,22.26133,308.44,2.4,1.49,2025-03-18,1242,A,44,6.1NRT,290.58,15.55,D
-6.36563,22.76616,311.42,2.14,1.42,2025-03-18,1242,A,46,6.1NRT,291.03,17.57,D
-5.49276,28.71969,314.47,1,1,2025-03-18,1242,A,67,6.1NRT,297.75,7.37,D
-6.23006,23.00322,309.23,2.04,1.39,2025-03-18,1242,A,35,6.1NRT,283.81,14.18,D
-6.09502,23.91657,315.3,1.72,1.29,2025-03-18,1242,A,68,6.1NRT,292.52,14.88,D
-5.66598,25.33323,316.01,1.34,1.15,2025-03-18,1242,A,57,6.1NRT,290.74,10.84,D
-4.46603,28.93642,311.44,1.01,1,2025-03-18,1242,A,55,6.1NRT,297.79,4.22,D
-4.98788,24.99338,309.49,1.38,1.16,2025-03-18,1242,A,54,6.1NRT,285.95,6.91,D
-4.78854,25.24182,312.14,1.32,1.14,2025-03-18,1242,A,60,6.1NRT,295.28,8.36,D
-4.75678,25.17791,311.02,1.33,1.14,2025-03-18,1242,A,57,6.1NRT,293.25,6.49,D
-4.16079,29.06249,316.76,1.01,1.01,2025-03-18,1242,A,51,6.1NRT,290.98,7.41,D
-4.59257,25.82657,319.9,1.21,1.09,2025-03-18,1242,A,74,6.1NRT,294.31,14.24,D
-4.5941,25.81596,320.28,1.21,1.09,2025-03-18,1242,A,74,6.1NRT,297.57,15,D
-4.56886,25.85545,314.18,1.2,1.09,2025-03-18,1242,A,64,6.1NRT,297.92,8.01,D
-4.52608,25.71276,324.52,1.22,1.1,2025-03-18,1242,A,79,6.1NRT,294.92,20.41,D
-4.24795,27.50678,315.6,1.02,1.01,2025-03-18,1242,A,66,6.1NRT,297.32,8.29,D
-4.45615,25.78953,330.8,1.21,1.09,2025-03-18,1242,A,84,6.1NRT,299.55,31,D
-4.15112,27.54178,330.8,1.02,1.01,2025-03-18,1242,A,84,6.1NRT,297.47,22.53,D
-4.15242,27.53284,321.7,1.02,1.01,2025-03-18,1242,A,70,6.1NRT,297.6,11.96,D
-4.15371,27.5239,319.98,1.02,1.01,2025-03-18,1242,A,73,6.1NRT,299.3,10.89,D
-4.2787,25.74098,309.03,1.21,1.09,2025-03-18,1242,A,37,6.1NRT,284.67,8.65,D
-4.00885,27.49963,314.32,1.02,1.01,2025-03-18,1242,A,41,6.1NRT,298.72,5.81,D
-4.02845,27.3652,315.04,1.03,1.01,2025-03-18,1242,A,64,6.1NRT,297.7,8.04,D
-4.22658,25.7388,309.73,1.21,1.09,2025-03-18,1242,A,42,6.1NRT,290.57,7.33,D
-4.09623,26.1337,319.3,1.15,1.07,2025-03-18,1242,A,73,6.1NRT,298.17,13.22,D
-4.09768,26.12371,324.56,1.15,1.07,2025-03-18,1242,A,79,6.1NRT,297.67,19.83,D
-4.15294,24.89348,310.6,1.36,1.16,2025-03-18,1242,A,57,6.1NRT,274.47,11.72,D
-4.12153,24.68492,309.11,1.4,1.17,2025-03-18,1242,A,50,6.1NRT,275.7,11.06,D
-4.10419,24.73244,313.54,1.39,1.17,2025-03-18,1242,A,65,6.1NRT,277.24,14.77,D
-33.48629,26.94413,308.81,2.52,1.53,2025-03-18,1234,A,54,6.1NRT,294.34,20.01,D
-34.37606,19.52789,321.04,2.48,1.52,2025-03-18,1412,A,68,6.1NRT,304.77,40.41,D
-34.38195,19.50106,332.47,2.47,1.51,2025-03-18,1412,A,84,6.1NRT,303.92,92.02,D
-33.31461,18.55833,347.77,2.28,1.46,2025-03-18,1412,A,93,6.1NRT,310.38,140.37,D
-33.2968,18.57792,331.55,2.29,1.46,2025-03-18,1412,A,63,6.1NRT,308.17,48.47,D
-33.3019,18.55446,343.1,2.28,1.46,2025-03-18,1412,A,90,6.1NRT,310.02,108.59,D
-33.28407,18.57405,324.81,2.29,1.46,2025-03-18,1412,A,62,6.1NRT,307.28,25.42,D
-33.2892,18.55057,327.73,2.28,1.46,2025-03-18,1412,A,74,6.1NRT,309.62,36.91,D
-33.31122,18.57502,334.57,2.29,1.46,2025-03-18,1412,A,82,6.1NRT,308.76,65.49,D
-33.31614,18.55151,333.52,2.28,1.46,2025-03-18,1412,A,81,6.1NRT,310.14,60.57,D
-33.29849,18.57113,340.3,2.29,1.46,2025-03-18,1412,A,88,6.1NRT,308.76,96.86,D
-33.17096,18.65754,325.28,2.33,1.48,2025-03-18,1412,A,70,6.1NRT,311,23.92,D
-4.4319,39.42295,309.65,1.31,1.14,2025-03-18,1906,T,78,6.1NRT,294.47,10.05,N
-4.43362,39.41127,307.68,1.31,1.14,2025-03-18,1906,T,72,6.1NRT,294.47,8.13,N
-4.43299,39.41662,314.57,1.31,1.14,2025-03-18,1906,T,89,6.1NRT,294.62,14.86,N
-13.34136,35.28737,308.63,1.21,1.09,2025-03-18,1904,T,75,6.1NRT,288.1,12.91,N
-13.34276,35.27648,304.95,1.21,1.09,2025-03-18,1904,T,62,6.1NRT,287.91,9.84,N
-10.76484,15.35372,303.72,1.18,1.08,2025-03-18,2044,T,57,6.1NRT,286.44,8.45,N
-10.76639,15.34322,308.27,1.18,1.08,2025-03-18,2044,T,74,6.1NRT,286.38,12.02,N
-9.36567,13.29827,303.01,1.02,1.01,2025-03-18,2044,T,53,6.1NRT,289.72,3.98,N
-6.85627,12.40003,306.23,1.01,1,2025-03-18,2044,T,43,6.1NRT,289.89,4.15,N
-6.85751,12.39113,331.87,1,1,2025-03-18,2044,T,100,6.1NRT,290.39,28.73,N
-33.14719,19.00291,318.62,1.02,1.01,2025-03-18,2036,T,97,6.1NRT,297.47,14.44,N
-33.13825,19.00101,308.39,1.02,1.01,2025-03-18,2036,T,74,6.1NRT,297.98,6.27,N
-32.35323,19.13228,314.36,1.03,1.02,2025-03-18,2036,T,89,6.1NRT,295.03,12.52,N
-32.34423,19.1305,311.59,1.03,1.02,2025-03-18,2036,T,83,6.1NRT,294.56,10.07,N
-32.34107,19.12132,305,1.34,1.15,2025-03-19,0111,A,62,6.1NRT,294.97,8.49,N
-32.34253,19.13387,306.51,1.34,1.15,2025-03-19,0111,A,68,6.1NRT,293.65,10.41,N
-32.35271,19.13211,321.43,1.34,1.15,2025-03-19,0111,A,100,6.1NRT,293.89,28.65,N
-33.14008,19.00349,306.57,1.35,1.15,2025-03-19,0111,A,69,6.1NRT,293.56,10.45,N
-18.45044,47.47285,323.78,1.32,1.14,2025-03-19,0555,T,81,6.1NRT,293.84,25.54,D
-18.45236,47.48457,317.95,1.31,1.14,2025-03-19,0555,T,75,6.1NRT,293.84,16.78,D
-12.07649,26.39796,316.5,1.05,1.02,2025-03-19,0731,T,75,6.1NRT,293.86,12.08,D
-18.37255,26.48175,315.74,1,1,2025-03-19,0731,T,64,6.1NRT,296.74,7.15,D
-27.70919,25.55229,311.33,1.05,1.02,2025-03-19,0735,T,64,6.1NRT,294.13,7.98,D
-27.71824,25.55079,316.32,1.05,1.02,2025-03-19,0735,T,74,6.1NRT,293.19,12.42,D
-32.14446,18.39607,316.34,1.43,1.18,2025-03-19,0737,T,39,6.1NRT,301.73,10.85,D
-32.69578,18.93717,326.42,1.3,1.13,2025-03-19,0737,T,77,6.1NRT,306.86,18.26,D
-32.93861,18.90742,323.97,1.3,1.13,2025-03-19,0737,T,74,6.1NRT,308.18,11.95,D
-32.94095,18.92098,342.38,1.29,1.13,2025-03-19,0737,T,90,6.1NRT,307.55,49.81,D
-32.96922,18.9077,330.69,1.29,1.13,2025-03-19,0737,T,67,6.1NRT,307.44,22.12,D
-32.97159,18.92112,334.85,1.29,1.13,2025-03-19,0737,T,73,6.1NRT,309.47,30.21,D
-32.98581,19.00179,322.16,1.28,1.12,2025-03-19,0737,T,39,6.1NRT,306.74,12.83,D
-32.97913,18.90513,324.38,1.29,1.13,2025-03-19,0737,T,32,6.1NRT,305.9,12.01,D
-32.9815,18.91858,334.31,1.29,1.13,2025-03-19,0737,T,84,6.1NRT,307.78,29.56,D
-32.99142,18.91609,327.73,1.29,1.13,2025-03-19,0737,T,68,6.1NRT,308.2,18.59,D
-32.99615,18.94308,322.3,1.29,1.13,2025-03-19,0737,T,30,6.1NRT,307.6,10.12,D
-32.99585,18.64318,339.51,1.34,1.15,2025-03-19,0737,T,89,6.1NRT,307.28,47.81,D
-33.04804,18.9444,331.87,1.29,1.13,2025-03-19,0737,T,83,6.1NRT,308.02,26.16,D
-32.99327,18.63785,335.34,1.34,1.15,2025-03-19,0737,T,86,6.1NRT,307.5,37.59,D
-33.04706,18.93854,326.75,1.29,1.13,2025-03-19,0737,T,78,6.1NRT,307.39,18.72,D
-33.04945,18.95203,323.1,1.28,1.12,2025-03-19,0737,T,73,6.1NRT,307.09,12.28,D
-33.0867,18.92891,321.63,1.29,1.13,2025-03-19,0737,T,54,6.1NRT,308.05,10.61,D
-33.09661,18.92653,323.72,1.29,1.13,2025-03-19,0737,T,74,6.1NRT,305.47,13.94,D
-33.11119,18.95095,335.94,1.28,1.12,2025-03-19,0737,T,86,6.1NRT,307.25,34.89,D
-33.11581,18.97758,320.97,1.28,1.12,2025-03-19,0737,T,70,6.1NRT,306.71,10.36,D
-33.11812,18.99088,331.51,1.28,1.12,2025-03-19,0737,T,83,6.1NRT,306.38,28.17,D
-33.09131,18.65737,354.04,1.33,1.14,2025-03-19,0737,T,97,6.1NRT,308.01,91.7,D
-33.08854,18.65132,345.37,1.33,1.14,2025-03-19,0737,T,92,6.1NRT,307.37,63.15,D
-33.09101,18.66507,333.04,1.33,1.14,2025-03-19,0737,T,84,6.1NRT,307.6,32.27,D
-33.11554,18.80191,340.3,1.3,1.13,2025-03-19,0737,T,89,6.1NRT,306.65,47.45,D
-33.96679,24.00984,311.43,1.05,1.02,2025-03-19,0737,T,33,6.1NRT,298.63,6.98,D
-33.96831,24.02139,315.02,1.05,1.02,2025-03-19,0737,T,64,6.1NRT,297.95,9.76,D
-33.97595,24.00886,310.81,1.05,1.02,2025-03-19,0737,T,42,6.1NRT,297.47,6.45,D
-33.97742,24.02004,317.98,1.05,1.02,2025-03-19,0737,T,72,6.1NRT,297.83,12.53,D
-33.15173,18.53293,320.8,1.35,1.15,2025-03-19,0737,T,70,6.1NRT,307.55,9.73,D
-33.1911,18.69821,319.59,1.32,1.14,2025-03-19,0737,T,52,6.1NRT,305.88,9.15,D
-33.97663,23.8047,315.04,1.03,1.02,2025-03-19,0737,T,67,6.1NRT,298.05,10.84,D
-33.19156,18.7065,318.95,1.31,1.14,2025-03-19,0737,T,63,6.1NRT,305.57,8.85,D
-33.19682,18.38185,322.87,1.37,1.16,2025-03-19,0737,T,73,6.1NRT,305.83,16.78,D
-33.27781,18.84146,322.39,1.29,1.13,2025-03-19,0737,T,73,6.1NRT,305.35,14.44,D
-33.31774,19.01245,321.55,1.26,1.12,2025-03-19,0737,T,67,6.1NRT,305.53,14.28,D
-33.32756,19.01,328.34,1.26,1.12,2025-03-19,0737,T,69,6.1NRT,306.2,23.48,D
-34.01351,23.06221,314.62,1.01,1,2025-03-19,0737,T,67,6.1NRT,299.02,9.69,D
-33.39029,18.83598,321.59,1.29,1.13,2025-03-19,0737,T,60,6.1NRT,306.84,12.17,D
-33.39261,18.84939,319.44,1.28,1.12,2025-03-19,0737,T,51,6.1NRT,305.23,9.73,D
-33.41774,18.99512,318.92,1.26,1.12,2025-03-19,0737,T,67,6.1NRT,305.47,9.07,D
-33.37903,18.7111,338.11,1.31,1.13,2025-03-19,0737,T,88,6.1NRT,307.46,41.12,D
-33.38139,18.72473,335.7,1.3,1.13,2025-03-19,0737,T,86,6.1NRT,308.71,35.6,D
-33.40017,18.83335,327.8,1.29,1.13,2025-03-19,0737,T,79,6.1NRT,306.72,20.38,D
-33.40249,18.84683,331.15,1.28,1.12,2025-03-19,0737,T,83,6.1NRT,307.81,26.95,D
-33.37981,18.71921,341.35,1.3,1.13,2025-03-19,0737,T,90,6.1NRT,309.09,49.79,D
-33.40153,18.84104,336.8,1.28,1.12,2025-03-19,0737,T,87,6.1NRT,308.04,38.1,D
-33.38976,18.7167,325.59,1.3,1.13,2025-03-19,0737,T,77,6.1NRT,306.55,18.44,D
-33.42402,18.79284,327.85,1.29,1.13,2025-03-19,0737,T,80,6.1NRT,307.02,21.52,D
-33.42641,18.80641,333.43,1.29,1.13,2025-03-19,0737,T,85,6.1NRT,308.11,32.01,D
-33.44586,18.85839,319.19,1.28,1.12,2025-03-19,0737,T,61,6.1NRT,306.31,7.54,D
-33.47544,18.85066,323.82,1.28,1.12,2025-03-19,0737,T,75,6.1NRT,306.82,15.19,D
-33.52723,18.67487,325.68,1.3,1.13,2025-03-19,0737,T,77,6.1NRT,304.78,20.25,D
-33.52966,18.68879,327.04,1.3,1.13,2025-03-19,0737,T,79,6.1NRT,304.22,21.96,D
-33.54164,18.7573,319.95,1.29,1.13,2025-03-19,0737,T,70,6.1NRT,307.69,10.12,D
-33.99375,21.22833,315.66,1.03,1.01,2025-03-19,0737,T,55,6.1NRT,300.29,9.44,D
-33.77618,18.62314,318.11,1.3,1.13,2025-03-19,0737,T,68,6.1NRT,306.03,8.98,D
-33.77856,18.63661,321.69,1.3,1.13,2025-03-19,0737,T,73,6.1NRT,306.42,13.73,D
-21.81252,46.71596,314.16,1.01,1,2025-03-19,1138,A,52,6.1NRT,299.03,5.73,D
-21.71983,45.5261,316.2,1.07,1.03,2025-03-19,1138,A,61,6.1NRT,300.83,7.13,D
-20.97886,46.67666,313.3,1,1,2025-03-19,1138,A,33,6.1NRT,298.75,5.27,D
-20.94456,45.60848,328.46,1.05,1.02,2025-03-19,1138,A,79,6.1NRT,303.89,17.72,D
-20.9459,45.5987,319.29,1.05,1.02,2025-03-19,1138,A,66,6.1NRT,303.65,6.96,D
-18.88955,46.45967,315.11,1,1,2025-03-19,1138,A,62,6.1NRT,299.65,6.81,D
-18.43651,44.8402,319.44,1.06,1.03,2025-03-19,1138,A,70,6.1NRT,297.81,11.49,D
-17.5613,47.00959,336.91,1.02,1.01,2025-03-19,1138,A,87,6.1NRT,301.05,30.5,D
-16.10398,46.99771,320.21,1.03,1.02,2025-03-19,1140,A,55,6.1NRT,301.41,8.58,D
-4.89261,39.06173,322.73,1.56,1.23,2025-03-19,1145,A,77,6.1NRT,300.22,18.9,D
-4.8818,39.06012,330.95,1.56,1.23,2025-03-19,1145,A,84,6.1NRT,300.8,36.32,D
-27.69044,25.59784,320.84,1.06,1.03,2025-03-19,1314,A,75,6.1NRT,296.59,13.52,D
-27.69208,25.58739,367.76,1.06,1.03,2025-03-19,1314,A,100,6.1NRT,303.85,111.5,D
-9.51197,15.70543,326.28,1.47,1.2,2025-03-19,1321,A,82,6.1NRT,298.11,29.89,D
-9.51371,15.69232,312.33,1.48,1.2,2025-03-19,1321,A,29,6.1NRT,294.64,7.89,D
-9.50742,15.69934,316.34,1.47,1.2,2025-03-19,1321,A,53,6.1NRT,297.63,11.12,D
-8.90919,15.64775,317.49,1.46,1.19,2025-03-19,1321,A,73,6.1NRT,298,16.92,D
-8.46703,15.43696,310.03,1.49,1.2,2025-03-19,1323,A,53,6.1NRT,293.42,9.02,D
-8.20752,15.7078,313.4,1.41,1.18,2025-03-19,1323,A,31,6.1NRT,295.54,10.5,D
-8.30821,14.74367,309.71,1.66,1.27,2025-03-19,1323,A,55,6.1NRT,294.25,8.4,D
-8.11796,15.53494,314.42,1.45,1.19,2025-03-19,1323,A,69,6.1NRT,295.01,11.82,D
-8.11972,15.52224,314.75,1.45,1.19,2025-03-19,1323,A,58,6.1NRT,297.76,12.42,D
-7.9425,15.55002,314.73,1.43,1.18,2025-03-19,1323,A,55,6.1NRT,296.67,13.7,D
-7.5466,18.14392,316.35,1.04,1.02,2025-03-19,1323,A,64,6.1NRT,273.68,14.6,D
-7.66468,14.74353,310.46,1.62,1.25,2025-03-19,1323,A,59,6.1NRT,290,11.37,D
-7.61237,14.88153,311.96,1.58,1.24,2025-03-19,1323,A,63,6.1NRT,295.62,13.05,D
-7.2879,17.16972,314.04,1.13,1.06,2025-03-19,1323,A,64,6.1NRT,295.31,7.86,D
-6.95569,14.98542,310.28,1.52,1.22,2025-03-19,1323,A,61,6.1NRT,293.9,9.38,D
-6.80573,14.89775,315.89,1.54,1.22,2025-03-19,1323,A,71,6.1NRT,294.72,17.25,D
-6.66013,15.72414,309.26,1.34,1.15,2025-03-19,1323,A,56,6.1NRT,290.95,7.86,D
-6.64068,15.2683,315.52,1.44,1.19,2025-03-19,1323,A,58,6.1NRT,292.35,18.6,D
-6.54989,15.06069,311.97,1.48,1.2,2025-03-19,1323,A,66,6.1NRT,292.14,10.74,D
-5.74134,19.5873,315.5,1.01,1.01,2025-03-19,1323,A,27,6.1NRT,293.26,9.21,D
-6.03181,14.89666,310.92,1.49,1.21,2025-03-19,1323,A,37,6.1NRT,293.67,8.28,D
-5.56109,17.6451,314,1.04,1.02,2025-03-19,1323,A,68,6.1NRT,285.56,10.08,D
-5.56241,17.63586,313.81,1.05,1.02,2025-03-19,1323,A,68,6.1NRT,288.49,9.78,D
-5.06441,19.16658,305.28,1,1,2025-03-19,1323,A,42,6.1NRT,274.28,4.54,D
-5.55751,15.63045,311.58,1.31,1.14,2025-03-19,1323,A,23,6.1NRT,293.26,8.08,D
-5.13747,18.3366,310.49,1.01,1,2025-03-19,1323,A,53,6.1NRT,285.54,5.79,D
-5.11254,16.53115,317.24,1.15,1.07,2025-03-19,1323,A,68,6.1NRT,291.07,11.86,D
-5.10316,16.52976,311.64,1.15,1.07,2025-03-19,1323,A,34,6.1NRT,290.93,5.97,D
-4.67308,16.64075,312.17,1.12,1.06,2025-03-19,1323,A,36,6.1NRT,290.43,7.5,D
-4.74789,16.05974,322.99,1.21,1.09,2025-03-19,1323,A,77,6.1NRT,295.04,18.61,D
-4.5368,17.19585,319.44,1.06,1.03,2025-03-19,1323,A,62,6.1NRT,297.18,10.48,D
-4.69396,16.0949,331.15,1.2,1.09,2025-03-19,1323,A,80,6.1NRT,294.92,32.33,D
-4.69544,16.08447,312.04,1.2,1.09,2025-03-19,1323,A,23,6.1NRT,291.83,6.33,D
-4.56462,16.29247,312.25,1.17,1.07,2025-03-19,1323,A,33,6.1NRT,293.76,6.15,D
-4.19809,17.36688,313.72,1.04,1.02,2025-03-19,1323,A,67,6.1NRT,294.42,7.58,D
-4.21761,16.4739,313.14,1.13,1.06,2025-03-19,1323,A,58,6.1NRT,293.16,8.27,D
-4.34032,14.98403,311.54,1.39,1.17,2025-03-19,1323,A,61,6.1NRT,292.96,9.88,D
-34.03971,24.54055,337.75,1.03,1.01,2025-03-19,1314,A,87,6.1NRT,308.08,31.22,D
-34.0412,24.52965,320.38,1.03,1.01,2025-03-19,1314,A,68,6.1NRT,308.74,8.83,D
-34.00832,24.56791,317,1.02,1.01,2025-03-19,1314,A,59,6.1NRT,306.3,5.64,D
-34.36283,21.20069,343.35,1.42,1.18,2025-03-19,1314,A,91,6.1NRT,308.91,62.79,D
-34.36453,21.18542,320.93,1.42,1.18,2025-03-19,1314,A,65,6.1NRT,308.39,11.99,D
-34.32576,21.43737,344.49,1.37,1.16,2025-03-19,1314,A,91,6.1NRT,305.67,69.21,D
-34.35232,21.19924,369.04,1.42,1.18,2025-03-19,1314,A,100,6.1NRT,308.47,168.44,D
-34.35402,21.18395,337.25,1.42,1.18,2025-03-19,1314,A,86,6.1NRT,308.97,45.76,D
-33.92498,24.43247,323.54,1.03,1.01,2025-03-19,1314,A,73,6.1NRT,307.91,11.21,D
-33.85899,24.3128,325.4,1.04,1.02,2025-03-19,1314,A,75,6.1NRT,308.14,14.36,D
-33.31919,25.96136,334.62,1,1,2025-03-19,1314,A,83,6.1NRT,309.79,23.56,D
-33.30875,25.97003,323.91,1,1,2025-03-19,1314,A,54,6.1NRT,310.01,9.27,D
-33.31035,25.9594,370.13,1,1,2025-03-19,1314,A,100,6.1NRT,315.15,105.41,D
-33.31195,25.9488,331.2,1,1,2025-03-19,1314,A,74,6.1NRT,310.94,18.57,D
-33.75609,18.64435,333.33,2.01,1.38,2025-03-19,1314,A,82,6.1NRT,311.45,51.49,D
-33.75805,18.62255,326.45,2.02,1.38,2025-03-19,1314,A,73,6.1NRT,310.94,27.18,D
-32.57349,27.64503,311.47,1.11,1.05,2025-03-19,1314,A,49,6.1NRT,300.93,5.63,D
-32.57539,27.63338,312.24,1.11,1.05,2025-03-19,1314,A,53,6.1NRT,302.04,6.21,D
-33.19783,18.66558,327.15,1.97,1.37,2025-03-19,1314,A,74,6.1NRT,308.47,22.46,D
-33.19977,18.6443,325.3,1.98,1.37,2025-03-19,1314,A,71,6.1NRT,309.04,16.29,D
-33.1938,18.65797,332.52,1.97,1.37,2025-03-19,1314,A,81,6.1NRT,309.05,40.19,D
-32.42467,18.71819,333.14,1.91,1.35,2025-03-19,1314,A,82,6.1NRT,308.6,46.47,D
-29.87044,29.60163,315.93,1.55,1.23,2025-03-19,1314,A,69,6.1NRT,290.83,20.98,D
-15.88816,33.03161,304.31,1.02,1.01,2025-03-20,0009,A,59,6.1NRT,291.76,5.56,N
-25.70782,27.40241,303.15,1.42,1.18,2025-03-20,0011,A,53,6.1NRT,286.57,11.64,N
-26.53798,29.15552,314.04,1.12,1.05,2025-03-20,0011,A,88,6.1NRT,266.69,20.09,N
-26.53982,29.16647,302.3,1.12,1.05,2025-03-20,0011,A,48,6.1NRT,271.04,10.66,N
-26.67036,27.83006,304.16,1.29,1.13,2025-03-20,0011,A,59,6.1NRT,282.89,12.09,N
-4.86224,12.02861,301.04,1,1,2025-03-20,0143,A,37,6.1NRT,286.65,3.65,N
-4.9257,12.09129,307.39,1,1,2025-03-20,0143,A,71,6.1NRT,282.74,7.87,N
-4.93452,12.09,301.83,1,1,2025-03-20,0143,A,42,6.1NRT,282.45,4.41,N
-4.92168,11.38556,305.24,1,1,2025-03-20,0143,A,20,6.1NRT,286.44,5.44,N
-6.13566,11.03791,308.49,1.01,1,2025-03-20,0143,A,61,6.1NRT,290.05,5.93,N
-6.85544,12.39207,325.97,1.03,1.02,2025-03-20,0143,A,100,6.1NRT,293.87,22.15,N
-6.85677,12.40118,322.15,1.03,1.02,2025-03-20,0143,A,100,6.1NRT,293.97,17.85,N
-7.83865,12.1154,306.83,1.03,1.01,2025-03-20,0143,A,49,6.1NRT,285.45,6.65,N
-7.84758,12.1141,316.84,1.03,1.01,2025-03-20,0143,A,92,6.1NRT,286.32,14.43,N
-21.52509,46.77555,310.48,2.12,1.41,2025-03-20,0633,T,60,6.1NRT,294.53,18.58,D
-21.52647,46.76878,306.41,2.12,1.41,2025-03-20,0633,T,35,6.1NRT,294.78,11.75,D
-21.53713,45.77721,306.84,1.79,1.31,2025-03-20,0633,T,34,6.1NRT,294.64,9.55,D
-13.86165,19.04784,303.09,1.08,1.04,2025-03-20,0811,T,20,6.1NRT,289.45,2.87,D
-33.87505,19.09881,315.21,1.89,1.34,2025-03-20,0818,T,59,6.1NRT,291.28,29.02,D
-29.9363,30.18692,342.17,3.05,1.66,2025-03-20,1214,A,92,6.1NRT,295.93,219.06,D
-29.93408,30.21251,310.33,3.03,1.66,2025-03-20,1214,A,63,6.1NRT,296.88,29.95,D
-29.93655,30.18165,338.95,3.05,1.66,2025-03-20,1214,A,91,6.1NRT,295.75,192.87,D
-11.53923,35.2401,309.77,1,1,2025-03-20,1219,A,49,6.1NRT,295.39,5.3,D
-29.49355,30.08016,312.04,3.06,1.66,2025-03-20,1217,A,68,6.1NRT,289.64,44.11,D
-7.5027,36.94535,324.75,1.22,1.1,2025-03-20,1221,A,79,6.1NRT,298.12,21.99,D
-29.2714,30.58209,339.23,2.8,1.6,2025-03-20,1217,A,91,6.1NRT,292.89,169.71,D
-4.56734,39.25475,332.81,2,1.38,2025-03-20,1221,A,83,6.1NRT,300.95,45.26,D
-27.29708,30.72743,307.05,2.58,1.54,2025-03-20,1217,A,59,6.1NRT,293.49,16.69,D
-4.55526,39.25282,328.56,2,1.38,2025-03-20,1221,A,58,6.1NRT,300.71,32.02,D
-26.56947,30.75558,305.94,2.52,1.53,2025-03-20,1217,A,49,6.1NRT,290.75,17.15,D
-18.72402,32.95157,316.82,1.36,1.16,2025-03-20,1219,A,0,6.1NRT,287.55,19.31,D
-4.56118,39.26614,329.63,2,1.38,2025-03-20,1221,A,73,6.1NRT,301.41,32.8,D
-4.56381,39.24868,330.25,2,1.38,2025-03-20,1221,A,73,6.1NRT,300.96,35.87,D
-4.49247,39.30917,325.37,2.02,1.39,2025-03-20,1221,A,75,6.1NRT,297.61,23.85,D
-4.03211,38.25888,335.21,1.71,1.28,2025-03-20,1221,A,74,6.1NRT,294.55,59.85,D
-6.86848,12.40136,316.75,1.27,1.12,2025-03-20,1359,A,66,6.1NRT,292.97,16.04,D
-6.87018,12.39022,336.09,1.26,1.12,2025-03-20,1359,A,87,6.1NRT,293.25,47.85,D
-9.84186,13.60725,322.48,1.37,1.16,2025-03-20,1359,A,67,6.1NRT,298.01,16.54,D
-9.32723,15.38382,317.47,1.89,1.34,2025-03-20,1359,A,36,6.1NRT,299.28,17.55,D
-9.66159,13.25049,325.25,1.31,1.13,2025-03-20,1359,A,76,6.1NRT,299.94,15.14,D
-4.26874,39.40015,305.95,1.06,1.03,2025-03-20,1847,T,66,6.1NRT,293.45,5.52,N
-33.85941,24.53506,301.47,1.05,1.02,2025-03-20,2017,T,41,6.1NRT,278.26,6.9,N
-27.0015,30.74367,300.88,3.23,1.7,2025-03-20,2019,T,35,6.1NRT,285.94,41.09,N
